dataset	source_cell_id	depmap_id	match_method	eligible_luad
GDSC2	COLO 205			FALSE
GDSC2	NCI-H2369			FALSE
GDSC2	NCI-H2373			FALSE
GDSC2	NCI-H2461			FALSE
GDSC2	NCI-H2591			FALSE
GDSC2	NCI-H2595			FALSE
GDSC2	NCI-H2722			FALSE
GDSC2	NCI-H2731			FALSE
GDSC2	NCI-H2795			FALSE
GDSC2	NCI-H2803			FALSE
GDSC2	NCI-H2804			FALSE
GDSC2	NCI-H2810			FALSE
GDSC2	NCI-H2818			FALSE
GDSC2	NCI-H2869			FALSE
GDSC2	NCI-H290			FALSE
GDSC2	NCI-H513			FALSE
GDSC2	HCT 116			FALSE
GDSC2	HT-29			FALSE
GDSC2	IST-Mes1			FALSE
GDSC2	RKO			FALSE
GDSC2	SNU-175			FALSE
GDSC2	SNU-283			FALSE
GDSC2	SNU-407			FALSE
GDSC2	SNU-C1			FALSE
GDSC2	HCC1187			FALSE
GDSC2	HCC1806			FALSE
GDSC2	ZR-75-30			FALSE
GDSC2	BV-173			FALSE
GDSC2	CML-T1			FALSE
GDSC2	EM-2			FALSE
GDSC2	LAMA-84			FALSE
GDSC2	LS180			FALSE
GDSC2	LS513			FALSE
GDSC2	NCI-H630			FALSE
GDSC2	SNU-C2B			FALSE
GDSC2	SW48			FALSE
GDSC2	SW620			FALSE
GDSC2	SW948			FALSE
GDSC2	C2BBe1			FALSE
GDSC2	CaR-1			FALSE
GDSC2	CCK-81			FALSE
GDSC2	DiFi			FALSE
GDSC2	GP5d			FALSE
GDSC2	HCC2998			FALSE
GDSC2	HCT 15			FALSE
GDSC2	Ku812			FALSE
GDSC2	HT115			FALSE
GDSC2	HT-55			FALSE
GDSC2	201T			FALSE
GDSC2	A-427	ACH-000757	Cellosaurus	TRUE
GDSC2	CAL-72			FALSE
GDSC2	CL-40			FALSE
GDSC2	COLO 320HSR			FALSE
GDSC2	COR-L303			FALSE
GDSC2	COR-L32			FALSE
GDSC2	COR-L321			FALSE
GDSC2	CPC-N			FALSE
GDSC2	EMC-BAC-1			FALSE
GDSC2	EMC-BAC-2			FALSE
GDSC2	HuO-3N1			FALSE
GDSC2	HuO9			FALSE
GDSC2	IST-SL1			FALSE
GDSC2	IST-SL2			FALSE
GDSC2	LB647-SCLC			FALSE
GDSC2	LC-1/sq			FALSE
GDSC2	LC-2/ad			FALSE
GDSC2	Lu-134-A			FALSE
GDSC2	Lu-135			FALSE
GDSC2	Lu-139			FALSE
GDSC2	Lu-165			FALSE
GDSC2	MDST8			FALSE
GDSC2	MS-1 [Human lung carcinoma]			FALSE
GDSC2	NCI-H128			FALSE
GDSC2	NCI-H1304			FALSE
GDSC2	NCI-H1417			FALSE
GDSC2	NCI-H1688			FALSE
GDSC2	NCI-H1770			FALSE
GDSC2	NCI-H1836			FALSE
GDSC2	NCI-H187			FALSE
GDSC2	NCI-H1993			FALSE
GDSC2	NCI-H2135			FALSE
GDSC2	NCI-H2141			FALSE
GDSC2	NCI-H250			FALSE
GDSC2	NCI-H3122	ACH-000337	Cellosaurus	TRUE
GDSC2	NCI-H345			FALSE
GDSC2	NCI-H378			FALSE
GDSC2	NOS-1 [Human osteosarcoma]			FALSE
GDSC2	NY			FALSE
GDSC2	143B			FALSE
GDSC2	HOS			FALSE
GDSC2	HAL-01			FALSE
GDSC2	KPD			FALSE
GDSC2	OST			FALSE
GDSC2	OHS			FALSE
GDSC2	MHM			FALSE
GDSC2	451Lu			FALSE
GDSC2	A-388			FALSE
GDSC2	A-431			FALSE
GDSC2	CHL-1			FALSE
GDSC2	CHSA0011			FALSE
GDSC2	CHSA0108			FALSE
GDSC2	CHSA8926			FALSE
GDSC2	COLO 824			FALSE
GDSC2	CP66-MEL			FALSE
GDSC2	ES3			FALSE
GDSC2	ES4			FALSE
GDSC2	MCC13			FALSE
GDSC2	MDA-MB-330			FALSE
GDSC2	MFM-223			FALSE
GDSC2	MRK-nu-1			FALSE
GDSC2	NCI-H510A			FALSE
GDSC2	NCI-H64			FALSE
GDSC2	NCI-H720			FALSE
GDSC2	NCI-H740			FALSE
GDSC2	EW-13			FALSE
GDSC2	EW-16			FALSE
GDSC2	EW-18			FALSE
GDSC2	EW-22			FALSE
GDSC2	EW-24			FALSE
GDSC2	EW-7			FALSE
GDSC2	GAK			FALSE
GDSC2	G-mel			FALSE
GDSC2	H-EMC-SS			FALSE
GDSC2	HMV-II			FALSE
GDSC2	IST-MEL1			FALSE
GDSC2	K2 [Human melanoma]			FALSE
GDSC2	LB2518-MEL			FALSE
GDSC2	LB373-MEL-D			FALSE
GDSC2	M14			FALSE
GDSC2	ASH-3			FALSE
GDSC2	BB65-RCC			FALSE
GDSC2	CGTH-W-1			FALSE
GDSC2	HA7-RCC			FALSE
GDSC2	HTC-C3			FALSE
GDSC2	IHH-4			FALSE
GDSC2	IM-9			FALSE
GDSC2	K5			FALSE
GDSC2	KMH-2			FALSE
GDSC2	LB2241-RCC			FALSE
GDSC2	LB996-RCC			FALSE
GDSC2	MCC26			FALSE
GDSC2	MC/CAR			FALSE
GDSC2	MMAc-SF			FALSE
GDSC2	MZ-MEL-2			FALSE
GDSC2	MZ-MEL-7			FALSE
GDSC2	NCC021			FALSE
GDSC2	NCI-H748			FALSE
GDSC2	NCI-H835			FALSE
GDSC2	NCI-H847			FALSE
GDSC2	OCUB-M			FALSE
GDSC2	ES5			FALSE
GDSC2	ES6			FALSE
GDSC2	ES7			FALSE
GDSC2	ES8			FALSE
GDSC2	Evsa-T			FALSE
GDSC2	EW-1			FALSE
GDSC2	EW-11			FALSE
GDSC2	SBC-1			FALSE
GDSC2	SBC-3			FALSE
GDSC2	SK-MEL-2			FALSE
GDSC2	SK-PN-DW			FALSE
GDSC2	SW13			FALSE
GDSC2	TK-10			FALSE
GDSC2	UO-31			FALSE
GDSC2	U-CH2			FALSE
GDSC2	UMC-11			FALSE
GDSC2	VMRC-LCD			FALSE
GDSC2	WM1552C			FALSE
GDSC2	WM278			FALSE
GDSC2	WM793			FALSE
GDSC2	KTCTL-21			FALSE
GDSC2	KTCTL-140			FALSE
GDSC2	KTCTL-195			FALSE
GDSC2	KTCTL-1M			FALSE
GDSC2	WRO			FALSE
GDSC2	LB1047-RCC			FALSE
GDSC2	NCC010			FALSE
GDSC2	RVH-421			FALSE
GDSC2	CP50-MEL-B			FALSE
GDSC2	CP67-MEL			FALSE
GDSC2	CS-1 [Human chondrosarcoma]			FALSE
GDSC2	DJM-1			FALSE
GDSC2	ES1			FALSE
GDSC2	EW-12			FALSE
GDSC2	EW-3			FALSE
GDSC2	Sarc9371			FALSE
GDSC2	ALL-PO			FALSE
GDSC2	ATN-1			FALSE
GDSC2	BALL-1			FALSE
GDSC2	BB30-HNC			FALSE
GDSC2	BB49-HNC			FALSE
GDSC2	BC-1			FALSE
GDSC2	BC-3			FALSE
GDSC2	BE-13			FALSE
GDSC2	SK-N-BE(2)-M17			FALSE
GDSC2	Becker			FALSE
GDSC2	BICR 10			FALSE
GDSC2	BICR 78			FALSE
GDSC2	BONNA-12			FALSE
GDSC2	BPH-1			FALSE
GDSC2	C-33 A			FALSE
GDSC2	Hep-G2/C3A			FALSE
GDSC2	C-4-I			FALSE
GDSC2	Ca9-22			FALSE
GDSC2	CAL-39			FALSE
GDSC2	Ca Ski			FALSE
GDSC2	CCRF-CEM			FALSE
GDSC2	CESS			FALSE
GDSC2	CHP-134			FALSE
GDSC2	CRO-AP2			FALSE
GDSC2	CRO-AP3			FALSE
GDSC2	D-502MG			FALSE
GDSC2	CTB-1			FALSE
GDSC2	CTV-1			FALSE
GDSC2	D-247MG			FALSE
GDSC2	D-263MG			FALSE
GDSC2	D-336MG			FALSE
GDSC2	D-392MG			FALSE
GDSC2	D-423MG			FALSE
GDSC2	D-542MG			FALSE
GDSC2	D-566MG			FALSE
GDSC2	DG-75			FALSE
GDSC2	DOK			FALSE
GDSC2	DoTc2 4510			FALSE
GDSC2	DOV13			FALSE
GDSC2	DSH1			FALSE
GDSC2	EB2			FALSE
GDSC2	EB3 [Human Burkitt lymphoma]			FALSE
GDSC2	EGI-1			FALSE
GDSC2	EoL-1			FALSE
GDSC2	ESO-26			FALSE
GDSC2	ESO-51			FALSE
GDSC2	ETK-1			FALSE
GDSC2	Farage			FALSE
GDSC2	FLO-1			FALSE
GDSC2	GEO			FALSE
GDSC2	GI-ME-N			FALSE
GDSC2	GOTO			FALSE
GDSC2	GR-ST			FALSE
GDSC2	GT3TKB			FALSE
GDSC2	NCI-H3118			FALSE
GDSC2	H9			FALSE
GDSC2	HC-1			FALSE
GDSC2	HCE-4			FALSE
GDSC2	HDLM-2			FALSE
GDSC2	HEC-1			FALSE
GDSC2	HeLa			FALSE
GDSC2	HEY			FALSE
GDSC2	HLE			FALSE
GDSC2	HN			FALSE
GDSC2	HO-1-N-1			FALSE
GDSC2	HO-1-u-1			FALSE
GDSC2	Hs 445			FALSE
GDSC2	Hs 633.T			FALSE
GDSC2	HSC-39			FALSE
GDSC2	HT-3			FALSE
GDSC2	HuH-6 Clone 5			FALSE
GDSC2	IMR-5			FALSE
GDSC2	JAR			FALSE
GDSC2	JEG-3			FALSE
GDSC2	JHOS-3			FALSE
GDSC2	JHU-011			FALSE
GDSC2	JHU-022			FALSE
GDSC2	JHU-029			FALSE
GDSC2	Jiyoye			FALSE
GDSC2	KO52			FALSE
GDSC2	KON			FALSE
GDSC2	KOSC-2			FALSE
GDSC2	KP-1N			FALSE
GDSC2	KP-N-YS			FALSE
GDSC2	KY821			FALSE
GDSC2	KYAE-1			FALSE
GDSC2	KYSE-220			FALSE
GDSC2	JSC-1			FALSE
GDSC2	Karpas-1106P			FALSE
GDSC2	Karpas-231			FALSE
GDSC2	Karpas-45			FALSE
GDSC2	KGN			FALSE
GDSC2	KINGS-1			FALSE
GDSC2	KMOE-2			FALSE
GDSC2	KNS-81-FD			FALSE
GDSC2	KYSE-50			FALSE
GDSC2	LA-N-6			FALSE
GDSC2	LB771-HNC			FALSE
GDSC2	LB831-BLC			FALSE
GDSC2	LC4-1			FALSE
GDSC2	LIM1215			FALSE
GDSC2	LN-405			FALSE
GDSC2	LNZTA3WT4			FALSE
GDSC2	M059J			FALSE
GDSC2	MC-1010			FALSE
GDSC2	SK-N-MC-IXC			FALSE
GDSC2	ME-180			FALSE
GDSC2	MFH-ino			FALSE
GDSC2	MHH-PREB-1			FALSE
GDSC2	MKN28			FALSE
GDSC2	ML-2			FALSE
GDSC2	MLMA			FALSE
GDSC2	MN-60			FALSE
GDSC2	MOG-G-CCM			FALSE
GDSC2	MOG-G-UVW			FALSE
GDSC2	MOLT-4			FALSE
GDSC2	Mo			FALSE
GDSC2	MS751			FALSE
GDSC2	MY-M12			FALSE
GDSC2	MZ-PC-1			FALSE
GDSC2	NB(TU)1			FALSE
GDSC2	SJNB-10			FALSE
GDSC2	SJNB-12			FALSE
GDSC2	SJNB-13			FALSE
GDSC2	SJNB-14			FALSE
GDSC2	SJNB-17			FALSE
GDSC2	SJNB-5			FALSE
GDSC2	SJNB-6			FALSE
GDSC2	NB69			FALSE
GDSC2	SJNB-7			FALSE
GDSC2	NCC-IT			FALSE
GDSC2	SNU-1			FALSE
GDSC2	SNU-16			FALSE
GDSC2	NEC8			FALSE
GDSC2	NH-12			FALSE
GDSC2	NKM-1			FALSE
GDSC2	Onda 10			FALSE
GDSC2	Onda 11			FALSE
GDSC2	OVCA420			FALSE
GDSC2	OVCA433			FALSE
GDSC2	OVCAR-5			FALSE
GDSC2	OVKATE			FALSE
GDSC2	OVMIU			FALSE
GDSC2	P30/OHK			FALSE
GDSC2	P32/ISH			FALSE
GDSC2	PA-1			FALSE
GDSC2	SiSo			FALSE
GDSC2	Rh30			FALSE
GDSC2	SKG-IIIa			FALSE
GDSC2	SK-GT-2			FALSE
GDSC2	SK-GT-4			FALSE
GDSC2	SK-MG-1			FALSE
GDSC2	SKN			FALSE
GDSC2	SKN-3			FALSE
GDSC2	NTERA-2			FALSE
GDSC2	OACM5.1 C			FALSE
GDSC2	OACP4 C			FALSE
GDSC2	OCI-Ly7			FALSE
GDSC2	OMC-1 [Human cervical carcinoma]			FALSE
GDSC2	OSC-19			FALSE
GDSC2	OSC-20			FALSE
GDSC2	OV17R			FALSE
GDSC2	PCI-15A			FALSE
GDSC2	PCI-30			FALSE
GDSC2	PCI-38			FALSE
GDSC2	PCI-04B			FALSE
GDSC2	PCI-06A			FALSE
GDSC2	PEO1			FALSE
GDSC2	PFSK-1			FALSE
GDSC2	PL18 [Human pancreatic adenocarcinoma]			FALSE
GDSC2	PL4			FALSE
GDSC2	PWR-1E			FALSE
GDSC2	QIMR-WIL			FALSE
GDSC2	Ramos.2G6.4C10			FALSE
GDSC2	KTCTL-13			FALSE
GDSC2	KTCTL-26A			FALSE
GDSC2	RC-K8			FALSE
GDSC2	RF-48			FALSE
GDSC2	Rh1			FALSE
GDSC2	ROS-50			FALSE
GDSC2	RPMI-2650			FALSE
GDSC2	RPMI-6666			FALSE
GDSC2	RPMI-8866			FALSE
GDSC2	SAS			FALSE
GDSC2	SAT [Human HNSCC]			FALSE
GDSC2	Sc-1			FALSE
GDSC2	SCC-3			FALSE
GDSC2	UPCI-SCC-090			FALSE
GDSC2	SCH			FALSE
GDSC2	SET-2			FALSE
GDSC2	SiHa			FALSE
GDSC2	WIL2 NS			FALSE
GDSC2	WSU-NHL			FALSE
GDSC2	YT			FALSE
GDSC2	ACN			FALSE
GDSC2	COLO 741			FALSE
GDSC2	NBsusSR			FALSE
GDSC2	SK-NEP-1			FALSE
GDSC2	TASK1			FALSE
GDSC2	SR			FALSE
GDSC2	STS-0421			FALSE
GDSC2	SU-DHL-16			FALSE
GDSC2	SUP-B8			FALSE
GDSC2	SW156			FALSE
GDSC2	SW684			FALSE
GDSC2	SW756			FALSE
GDSC2	SW872			FALSE
GDSC2	SW954			FALSE
GDSC2	SW962			FALSE
GDSC2	SW982			FALSE
GDSC2	TC-YIK			FALSE
GDSC2	TE-12			FALSE
GDSC2	TGBC1TKB			FALSE
GDSC2	TGBC24TKB			FALSE
GDSC2	TGW			FALSE
GDSC2	TK [Human B-cell lymphoma]			FALSE
GDSC2	TMK-1			FALSE
GDSC2	TUR			FALSE
GDSC2	U-251MG			FALSE
GDSC2	U-698-M			FALSE
GDSC2	UD-SCC-2			FALSE
GDSC2	UWB1.289			FALSE
GDSC2	VA-ES-BJ			FALSE
GDSC2	VAL			FALSE
GDSC2	VMRC-MELG			FALSE
GDSC2	SK-N-SH			FALSE
GDSC2	VL51			FALSE
GDSC2	SN12C			FALSE
GDSC2	WM35			FALSE
GDSC2	ARH-77			FALSE
GDSC2	SUP-HD1			FALSE
GDSC2	CAL-78			FALSE
GDSC2	DND-41			FALSE
GDSC2	DU145			FALSE
GDSC2	GCIY			FALSE
GDSC2	Karpas-620			FALSE
GDSC2	KNS-62			FALSE
GDSC2	MDA-MB-361			FALSE
GDSC2	WSU-DLCL2			FALSE
GDSC2	YAPC			FALSE
GDSC2	YH-13			FALSE
GDSC2	SNU-81			FALSE
GDSC2	SNU-C5			FALSE
GDSC2	ST486			FALSE
GDSC2	SU-DHL-6			FALSE
GDSC2	SUIT-2			FALSE
GDSC2	SU-DHL-10			FALSE
GDSC2	SU-DHL-5			FALSE
GDSC2	SW1088			FALSE
GDSC2	SW1116			FALSE
GDSC2	SW1463			FALSE
GDSC2	SW1573	ACH-000677	Cellosaurus	TRUE
GDSC2	TE-6			FALSE
GDSC2	TE-8			FALSE
GDSC2	TGBC11TKB			FALSE
GDSC2	TT2609-C02			FALSE
GDSC2	U266B1			FALSE
GDSC2	UACC-812			FALSE
GDSC2	VM-CUB-1			FALSE
GDSC2	VMRC-RCZ			FALSE
GDSC2	SW1710			FALSE
GDSC2	SW403			FALSE
GDSC2	SW626			FALSE
GDSC2	SW780			FALSE
GDSC2	SW837			FALSE
GDSC2	TE-10			FALSE
GDSC2	TE-4			FALSE
GDSC2	TE 441.T			FALSE
GDSC2	NCI-H661			FALSE
GDSC2	RXF 393L			FALSE
GDSC2	PC-14	ACH-000030	Cellosaurus	TRUE
GDSC2	A-549	ACH-000681	Cellosaurus	TRUE
GDSC2	A-375			FALSE
GDSC2	DEL			FALSE
GDSC2	MHH-ES-1			FALSE
GDSC2	C32 [Human melanoma]			FALSE
GDSC2	U2OS			FALSE
GDSC2	TC-71			FALSE
GDSC2	NCI-H747			FALSE
GDSC2	CL-11			FALSE
GDSC2	SKM-1			FALSE
GDSC2	SK-CO-1			FALSE
GDSC2	LS411N			FALSE
GDSC2	LS123			FALSE
GDSC2	LS1034			FALSE
GDSC2	NCI-H929			FALSE
GDSC2	L-540			FALSE
GDSC2	DB			FALSE
GDSC2	KM12			FALSE
GDSC2	CW-2			FALSE
GDSC2	HuTu 80			FALSE
GDSC2	KCL-22			FALSE
GDSC2	LP-1			FALSE
GDSC2	HSC-3			FALSE
GDSC2	SNU-1040			FALSE
GDSC2	NCI-H841			FALSE
GDSC2	COLO 678			FALSE
GDSC2	T84			FALSE
GDSC2	ABC-1	ACH-000528	Cellosaurus	TRUE
GDSC2	SK-MEL-5			FALSE
GDSC2	CL-34			FALSE
GDSC2	RCM-1 [Human rectum adenocarcinoma]			FALSE
GDSC2	LoVo			FALSE
GDSC2	NCI-H1876			FALSE
GDSC2	OVK18			FALSE
GDSC2	RKN			FALSE
GDSC2	SW1417			FALSE
GDSC2	TE-15			FALSE
GDSC2	5637			FALSE
GDSC2	697			FALSE
GDSC2	8505C			FALSE
GDSC2	786-O			FALSE
GDSC2	647V			FALSE
GDSC2	42-MG-BA			FALSE
GDSC2	A101D			FALSE
GDSC2	639V			FALSE
GDSC2	B-CPAP			FALSE
GDSC2	A-172			FALSE
GDSC2	8-MG-BA			FALSE
GDSC2	BHT-101			FALSE
GDSC2	A2058			FALSE
GDSC2	UACC-257			FALSE
GDSC2	23132/87			FALSE
GDSC2	BFTC-909			FALSE
GDSC2	Panc 02.03			FALSE
GDSC2	AGS			FALSE
GDSC2	QGP-1			FALSE
GDSC2	RERF-LC-KJ	ACH-000482	Cellosaurus	TRUE
GDSC2	SU.86.86			FALSE
GDSC2	BT-474			FALSE
GDSC2	CAL-120			FALSE
GDSC2	A3/Kawakami			FALSE
GDSC2	G-402			FALSE
GDSC2	CADO-ES1			FALSE
GDSC2	FaDu			FALSE
GDSC2	NCI-H2227			FALSE
GDSC2	BT-549			FALSE
GDSC2	SF268			FALSE
GDSC2	PaTu 8902			FALSE
GDSC2	NCI-H1781	ACH-000379	Cellosaurus	TRUE
GDSC2	DAN-G			FALSE
GDSC2	HCC78	ACH-000562	Cellosaurus	TRUE
GDSC2	NUGC-3			FALSE
GDSC2	KYSE-410			FALSE
GDSC2	CAL-27			FALSE
GDSC2	CAL-51			FALSE
GDSC2	CAL-33			FALSE
GDSC2	Daoy			FALSE
GDSC2	Detroit 562			FALSE
GDSC2	AN3-CA			FALSE
GDSC2	EBC-1			FALSE
GDSC2	EC-GI-10			FALSE
GDSC2	Calu-6			FALSE
GDSC2	ES-2			FALSE
GDSC2	CHP-212			FALSE
GDSC2	COLO 829			FALSE
GDSC2	COR-L23			FALSE
GDSC2	GCT			FALSE
GDSC2	RD			FALSE
GDSC2	CAL-29			FALSE
GDSC2	OE19			FALSE
GDSC2	Jurkat			FALSE
GDSC2	OVTOKO			FALSE
GDSC2	A-498			FALSE
GDSC2	IGROV-1			FALSE
GDSC2	AsPC-1			FALSE
GDSC2	G-401			FALSE
GDSC2	HuH-1			FALSE
GDSC2	COLO 792			FALSE
GDSC2	EPLC-272H			FALSE
GDSC2	CFPAC-1			FALSE
GDSC2	Raji			FALSE
GDSC2	Daudi			FALSE
GDSC2	CA46			FALSE
GDSC2	ALL-SIL			FALSE
GDSC2	Granta-519			FALSE
GDSC2	DBTRG-05MG			FALSE
GDSC2	LXF 289	ACH-000787	Cellosaurus	TRUE
GDSC2	GB-1			FALSE
GDSC2	DK-MG			FALSE
GDSC2	AU565			FALSE
GDSC2	G-361			FALSE
GDSC2	LN-18			FALSE
GDSC2	SNU-61			FALSE
GDSC2	AM-38			FALSE
GDSC2	DMS 53			FALSE
GDSC2	NCI-H1623	ACH-000744	Cellosaurus	TRUE
GDSC2	NCI-H2122	ACH-000311	Cellosaurus	TRUE
GDSC2	NCI-H2228	ACH-000447	Cellosaurus	TRUE
GDSC2	MOLT-16			FALSE
GDSC2	P12-Ichikawa			FALSE
GDSC2	SK-MM-2			FALSE
GDSC2	NCI-H1563	ACH-000892	Cellosaurus	TRUE
GDSC2	GA-10			FALSE
GDSC2	KMRC-20			FALSE
GDSC2	HT-1080			FALSE
GDSC2	EJM			FALSE
GDSC2	HCC15			FALSE
GDSC2	JHH-1			FALSE
GDSC2	HOP-62	ACH-000861	Cellosaurus	TRUE
GDSC2	KM-H2			FALSE
GDSC2	KOPN-8			FALSE
GDSC2	JJN-3			FALSE
GDSC2	A-204			FALSE
GDSC2	JIMT-1			FALSE
GDSC2	OCI-M1			FALSE
GDSC2	KYSE-520			FALSE
GDSC2	HuP-T4			FALSE
GDSC2	EFM-192A			FALSE
GDSC2	RT-4			FALSE
GDSC2	IGR-1			FALSE
GDSC2	FTC-133			FALSE
GDSC2	CAS-1			FALSE
GDSC2	MFE-296			FALSE
GDSC2	MM1.S			FALSE
GDSC2	HT-144			FALSE
GDSC2	OV56			FALSE
GDSC2	NCI-H446			FALSE
GDSC2	OAW28			FALSE
GDSC2	OVCAR-4			FALSE
GDSC2	SK-N-DZ			FALSE
GDSC2	NCI-H2405	ACH-000121	Cellosaurus	TRUE
GDSC2	RL95-2			FALSE
GDSC2	TCCSUP			FALSE
GDSC2	SK-ES-1			FALSE
GDSC2	SU-DHL-8			FALSE
GDSC2	RCC10RGB			FALSE
GDSC2	LNCaP clone FGC			FALSE
GDSC2	NCI-H1944	ACH-000414	Cellosaurus	TRUE
GDSC2	OAW42			FALSE
GDSC2	A-704			FALSE
GDSC2	JHH-6			FALSE
GDSC2	MHH-CALL-2			FALSE
GDSC2	JHH-4			FALSE
GDSC2	OE21			FALSE
GDSC2	NCI-H1693	ACH-000021	Cellosaurus	TRUE
GDSC2	HSC-4			FALSE
GDSC2	Lu-99A			FALSE
GDSC2	MOLP-8			FALSE
GDSC2	MOLT-13			FALSE
GDSC2	MDA-MB-231			FALSE
GDSC2	OS-RC-2			FALSE
GDSC2	OVCAR-3			FALSE
GDSC2	HCC1143			FALSE
GDSC2	NCI-H1650	ACH-000035	Cellosaurus	TRUE
GDSC2	NCI-H1048			FALSE
GDSC2	Hs 746.T			FALSE
GDSC2	SUP-M2			FALSE
GDSC2	RERF-LC-Sq1			FALSE
GDSC2	MSTO-211H			FALSE
GDSC2	MOLM-13			FALSE
GDSC2	MFE-319			FALSE
GDSC2	LN-229			FALSE
GDSC2	J82			FALSE
GDSC2	IA-LM			FALSE
GDSC2	OVISE			FALSE
GDSC2	HCC827	ACH-000012	Cellosaurus	TRUE
GDSC2	HCC2157			FALSE
GDSC2	NCI-H1155			FALSE
GDSC2	BT-20			FALSE
GDSC2	DU4475			FALSE
GDSC2	HOP-92			FALSE
GDSC2	HuP-T3			FALSE
GDSC2	KG-1			FALSE
GDSC2	Mel JuSo			FALSE
GDSC2	MES-SA			FALSE
GDSC2	NCI-H1568	ACH-000869	Cellosaurus	TRUE
GDSC2	OVCAR-8			FALSE
GDSC2	A2780			FALSE
GDSC2	A-253			FALSE
GDSC2	NCI-H716			FALSE
GDSC2	HCC1428			FALSE
GDSC2	HGC-27			FALSE
GDSC2	Kasumi-1			FALSE
GDSC2	Huh-7			FALSE
GDSC2	NCI-H196			FALSE
GDSC2	BL-41			FALSE
GDSC2	HPAC			FALSE
GDSC2	IM95			FALSE
GDSC2	JURL-MK1			FALSE
GDSC2	NCI-H1694			FALSE
GDSC2	NCI-H2170			FALSE
GDSC2	RERF-GC-1B			FALSE
GDSC2	TYK-nu			FALSE
GDSC2	OCI-AML-5			FALSE
GDSC2	HCC1954			FALSE
GDSC2	NCI-H1975	ACH-000587	Cellosaurus	TRUE
GDSC2	NCI-H2052			FALSE
GDSC2	NCI-H322M			FALSE
GDSC2	NCI-H596			FALSE
GDSC2	A-673			FALSE
GDSC2	BxPC-3			FALSE
GDSC2	KE-37			FALSE
GDSC2	PC-3			FALSE
GDSC2	SCC-15			FALSE
GDSC2	SiMa			FALSE
GDSC2	TE-1			FALSE
GDSC2	LCLC-97TM1			FALSE
GDSC2	LOU-NH91			FALSE
GDSC2	NCI-H1092			FALSE
GDSC2	KYSE-180			FALSE
GDSC2	769-P			FALSE
GDSC2	HT-1197			FALSE
GDSC2	KLE			FALSE
GDSC2	L-428			FALSE
GDSC2	SNU-5			FALSE
GDSC2	PaTu 8988t			FALSE
GDSC2	RPMI-7951			FALSE
GDSC2	SNU-182			FALSE
GDSC2	22Rv1			FALSE
GDSC2	8305C			FALSE
GDSC2	ACHN			FALSE
GDSC2	Capan-2			FALSE
GDSC2	KALS-1			FALSE
GDSC2	Karpas-422			FALSE
GDSC2	Kelly			FALSE
GDSC2	KP-2			FALSE
GDSC2	KP-3			FALSE
GDSC2	Panc 08.13			FALSE
GDSC2	SK-HEP-1			FALSE
GDSC2	T-47D			FALSE
GDSC2	TOV-112D			FALSE
GDSC2	U-118MG			FALSE
GDSC2	U-87MG ATCC			FALSE
GDSC2	HD-MY-Z			FALSE
GDSC2	NCI-H1963			FALSE
GDSC2	NCI-H209			FALSE
GDSC2	NUGC-4			FALSE
GDSC2	SBC-5			FALSE
GDSC2	SUP-B15			FALSE
GDSC2	COLO 679			FALSE
GDSC2	HPAF-II			FALSE
GDSC2	HDQ-P1			FALSE
GDSC2	HL-60			FALSE
GDSC2	GaMG			FALSE
GDSC2	JHH-2			FALSE
GDSC2	CAMA-1			FALSE
GDSC2	BFTC-905			FALSE
GDSC2	CAL-62			FALSE
GDSC2	D283 Med			FALSE
GDSC2	JVM-2			FALSE
GDSC2	SNU-398			FALSE
GDSC2	AMO1			FALSE
GDSC2	EFM-19			FALSE
GDSC2	HCC1419			FALSE
GDSC2	RS4;11			FALSE
GDSC2	EN			FALSE
GDSC2	ESS-1			FALSE
GDSC2	HCC70			FALSE
GDSC2	COLO 668			FALSE
GDSC2	GDM-1			FALSE
GDSC2	GI-1			FALSE
GDSC2	HEL			FALSE
GDSC2	HARA [Human squamous cell lung carcinoma]			FALSE
GDSC2	DoHH2			FALSE
GDSC2	EFO-21			FALSE
GDSC2	HCC44	ACH-000667	Cellosaurus	TRUE
GDSC2	NOMO-1			FALSE
GDSC2	OCI-AML-2			FALSE
GDSC2	Reh			FALSE
GDSC2	DMS 114			FALSE
GDSC2	DMS 273			FALSE
GDSC2	NCI-H1793	ACH-000888	Cellosaurus	TRUE
GDSC2	BICR 22			FALSE
GDSC2	GMS-10			FALSE
GDSC2	Calu-3	ACH-000392	Cellosaurus	TRUE
GDSC2	COR-L105	ACH-000161	Cellosaurus	TRUE
GDSC2	H4			FALSE
GDSC2	HCC38			FALSE
GDSC2	SW900			FALSE
GDSC2	NCI-H23	ACH-000900	Cellosaurus	TRUE
GDSC2	CAL-85-1			FALSE
GDSC2	COLO 680N			FALSE
GDSC2	EKVX	ACH-000706	Cellosaurus	TRUE
GDSC2	HCC1937			FALSE
GDSC2	KP-4			FALSE
GDSC2	KS-1 [Human glioblastoma]			FALSE
GDSC2	Lu-65			FALSE
GDSC2	MG-63			FALSE
GDSC2	NCI-H810			FALSE
GDSC2	OPM-2			FALSE
GDSC2	PSN1			FALSE
GDSC2	SH-4			FALSE
GDSC2	HH [Human lymphoma]			FALSE
GDSC2	TE-9			FALSE
GDSC2	SNG-M			FALSE
GDSC2	COLO 684			FALSE
GDSC2	ECC10			FALSE
GDSC2	EFO-27			FALSE
GDSC2	NCI-H3255	ACH-000109	Cellosaurus	TRUE
GDSC2	KATO III			FALSE
GDSC2	NCI-H1666	ACH-000448	Cellosaurus	TRUE
GDSC2	Rh41			FALSE
GDSC2	RT-112			FALSE
GDSC2	SHP-77			FALSE
GDSC2	WM115			FALSE
GDSC2	RPMI-8226			FALSE
GDSC2	G-292 clone A141B1			FALSE
GDSC2	COR-L311			FALSE
GDSC2	KYSE-270			FALSE
GDSC2	MDA-MB-436			FALSE
GDSC2	PF-382			FALSE
GDSC2	SUP-T1			FALSE
GDSC2	UACC-62			FALSE
GDSC2	CAL-54			FALSE
GDSC2	Capan-1			FALSE
GDSC2	HCC1569			FALSE
GDSC2	IGR-37			FALSE
GDSC2	MEG-01			FALSE
GDSC2	MKN1			FALSE
GDSC2	OV-90			FALSE
GDSC2	OE33			FALSE
GDSC2	SCC-4			FALSE
GDSC2	VCaP			FALSE
GDSC2	HCC366			FALSE
GDSC2	Hep 3B2.1-7			FALSE
GDSC2	JVM-3			FALSE
GDSC2	KYSE-140			FALSE
GDSC2	MPP 89			FALSE
GDSC2	Namalwa			FALSE
GDSC2	NCI-H1915			FALSE
GDSC2	NCI-H358	ACH-000860	Cellosaurus	TRUE
GDSC2	OCUM-1			FALSE
GDSC2	ONS-76			FALSE
GDSC2	SNU-423			FALSE
GDSC2	TE-5			FALSE
GDSC2	DMS 79			FALSE
GDSC2	HCC1500			FALSE
GDSC2	Karpas-299			FALSE
GDSC2	Loucy			FALSE
GDSC2	ME-1 [Human leukemia]			FALSE
GDSC2	MFE-280			FALSE
GDSC2	SK-MES-1			FALSE
GDSC2	NCI-H2023	ACH-000781	Cellosaurus	TRUE
GDSC2	SCC-9			FALSE
GDSC2	HT-1376			FALSE
GDSC2	KU-19-19			FALSE
GDSC2	SNU-449			FALSE
GDSC2	KYSE-450			FALSE
GDSC2	KYM-1			FALSE
GDSC2	T98G			FALSE
GDSC2	MCF-7			FALSE
GDSC2	K-562			FALSE
GDSC2	KP-N-YN			FALSE
GDSC2	Kuramochi			FALSE
GDSC2	KYSE-70			FALSE
GDSC2	SK-MEL-24			FALSE
GDSC2	SK-UT-1			FALSE
GDSC2	ECC12			FALSE
GDSC2	KYSE-510			FALSE
GDSC2	LCLC-103H			FALSE
GDSC2	LOX-IMVI			FALSE
GDSC2	MDA-MB-453			FALSE
GDSC2	NCI-H1651	ACH-000893	Cellosaurus	TRUE
GDSC2	NCI-H82			FALSE
GDSC2	SK-LMS-1			FALSE
GDSC2	SK-N-AS			FALSE
GDSC2	SNU-387			FALSE
GDSC2	NCI-H226			FALSE
GDSC2	MIA PaCa-2			FALSE
GDSC2	MDA-MB-415			FALSE
GDSC2	NCI-H520			FALSE
GDSC2	MKN45			FALSE
GDSC2	NALM-6			FALSE
GDSC2	NCI-H1792	ACH-000496	Cellosaurus	TRUE
GDSC2	HuCC-T1			FALSE
GDSC2	L-1236			FALSE
GDSC2	MDA-MB-157			FALSE
GDSC2	NCI-H1299			FALSE
GDSC2	NCI-H1581			FALSE
GDSC2	NCI-H524			FALSE
GDSC2	NCI-N87			FALSE
GDSC2	SK-LU-1			FALSE
GDSC2	TOV-21G			FALSE
GDSC2	NCI-H28			FALSE
GDSC2	NCI-H2087	ACH-000841	Cellosaurus	TRUE
GDSC2	A4/Fukuda			FALSE
GDSC2	JHH-7			FALSE
GDSC2	LK-2			FALSE
GDSC2	NCI-H1355	ACH-000666	Cellosaurus	TRUE
GDSC2	NCI-H441	ACH-000638	Cellosaurus	TRUE
GDSC2	Panc 10.05			FALSE
GDSC2	SK-OV-3			FALSE
GDSC2	Hs 578T			FALSE
GDSC2	MDA-MB-468			FALSE
GDSC2	NCI-H2085	ACH-000451	Cellosaurus	TRUE
GDSC2	OCI-AML-3			FALSE
GDSC2	SF539			FALSE
GDSC2	NCI-H727			FALSE
GDSC2	SW1271			FALSE
GDSC2	NCI-H526			FALSE
GDSC2	HSC-2			FALSE
GDSC2	NCI-H2029			FALSE
GDSC2	NCI-H650	ACH-000945	Cellosaurus	TRUE
GDSC2	NCI-H1755	ACH-000282	Cellosaurus	TRUE
GDSC2	L-363			FALSE
GDSC2	NCI-H522	ACH-000343	Cellosaurus	TRUE
GDSC2	KMS-12-BM			FALSE
GDSC2	MV4-11			FALSE
GDSC2	NCI-H1435	ACH-000852	Cellosaurus	TRUE
GDSC2	NCI-H1869			FALSE
GDSC2	NCI-H211			FALSE
GDSC2	SaOS-2			FALSE
GDSC2	NB1			FALSE
GDSC2	KYSE-150			FALSE
GDSC2	NCI-H2347	ACH-000875	Cellosaurus	TRUE
GDSC2	NCI-H1341			FALSE
GDSC2	NCI-H1573	ACH-000916	Cellosaurus	TRUE
GDSC2	MDA-MB-175-VII			FALSE
GDSC2	UACC-893			FALSE
GDSC2	MeWo			FALSE
GDSC2	NCI-H1838	ACH-000733	Cellosaurus	TRUE
GDSC2	BT-483			FALSE
GDSC2	CAL-148			FALSE
GDSC2	RPMI-8402			FALSE
GDSC2	P31/FUJ			FALSE
GDSC2	Panc 03.27			FALSE
GDSC2	TT			FALSE
GDSC2	SK-MEL-1			FALSE
GDSC2	HCC202			FALSE
GDSC2	SW1990			FALSE
GDSC2	Fu97			FALSE
GDSC2	FU-OV-1			FALSE
GDSC2	HCC1395			FALSE
GDSC2	HCC2218			FALSE
GDSC2	UM-UC-3			FALSE
GDSC2	HCC1599			FALSE
GDSC2	COR-L88			FALSE
GDSC2	NCI-H2342	ACH-000951	Cellosaurus	TRUE
GDSC2	NCI-H1648	ACH-000766	Cellosaurus	TRUE
GDSC2	NCI-H2066			FALSE
GDSC2	Caov-4			FALSE
GDSC2	SK-N-FI			FALSE
GDSC2	Hs 766T			FALSE
GDSC2	SJSA-1			FALSE
GDSC2	MKN7			FALSE
GDSC2	NCI-H1703			FALSE
GDSC2	SW1783			FALSE
GDSC2	NCI-H508			FALSE
GDSC2	Mono-Mac-6			FALSE
GDSC2	NCI-H2009	ACH-000886	Cellosaurus	TRUE
GDSC2	NCI-H69			FALSE
GDSC2	OC 314			FALSE
GDSC2	NCI-H2452			FALSE
GDSC2	T.T			FALSE
GDSC2	PC-3 [Human lung carcinoma]			FALSE
GDSC2	RMG-I			FALSE
GDSC2	Panc 04.03			FALSE
GDSC2	KMRC-1			FALSE
GDSC2	COR-L279			FALSE
GDSC2	COR-L95			FALSE
GDSC2	COLO 783			FALSE
GDSC2	COLO 800			FALSE
GDSC2	D-245MG			FALSE
GDSC2	BEN			FALSE
GDSC2	BHY			FALSE
GDSC2	BICR 31			FALSE
GDSC2	SK-MEL-28			FALSE
GDSC2	EHEB			FALSE
GDSC2	HCC-56			FALSE
GDSC2	Hs 683			FALSE
GDSC2	Hs 939.T			FALSE
GDSC2	Hs 940.T			FALSE
GDSC2	HT			FALSE
GDSC2	Ishikawa (Heraklio) 02 ER-			FALSE
GDSC2	JeKo-1			FALSE
GDSC2	JHOS-2			FALSE
GDSC2	JHOS-4			FALSE
GDSC2	JM-1			FALSE
GDSC2	Jurkat E6.1			FALSE
GDSC2	KMS-11			FALSE
GDSC2	KNS-42			FALSE
GDSC2	KP-N-RT-BM-1			FALSE
GDSC2	KYSE-30			FALSE
GDSC2	MCAS			FALSE
GDSC2	Mel Ho			FALSE
GDSC2	MHH-CALL-4			FALSE
GDSC2	MHH-NB-11			FALSE
GDSC2	ML-1 [Human thyroid carcinoma]			FALSE
GDSC2	MOLM-16			FALSE
GDSC2	NB4			FALSE
GDSC2	NCI-H1105			FALSE
GDSC2	NCI-H1395	ACH-000327	Cellosaurus	TRUE
GDSC2	NCI-H1436			FALSE
GDSC2	NCI-H1437	ACH-000589	Cellosaurus	TRUE
GDSC2	NCI-H146			FALSE
GDSC2	NCI-H1734	ACH-000675	Cellosaurus	TRUE
GDSC2	NCI-H2030	ACH-000521	Cellosaurus	TRUE
GDSC2	NCI-H2081			FALSE
GDSC2	NCI-H2110			FALSE
GDSC2	NCI-H2126	ACH-000785	Cellosaurus	TRUE
GDSC2	NCI-H2171			FALSE
GDSC2	NCI-H2172			FALSE
GDSC2	NCI-H2196			FALSE
GDSC2	NCI-H2291	ACH-000718	Cellosaurus	TRUE
GDSC2	NCI-H2444			FALSE
GDSC2	NCI-H292			FALSE
GDSC2	NCI-H460			FALSE
GDSC2	NCI-H647			FALSE
GDSC2	NCI-H660			FALSE
GDSC2	BL-70			FALSE
GDSC2	Caki-1			FALSE
GDSC2	CAL-12T			FALSE
GDSC2	Caov-3	ACH-000392	name:cellid	TRUE
GDSC2	CCF-STTG1			FALSE
GDSC2	ChaGo-K-1			FALSE
GDSC2	CHP-126			FALSE
GDSC2	CMK			FALSE
GDSC2	NCI-H820			FALSE
GDSC2	NCI-H838	ACH-000416	Cellosaurus	TRUE
GDSC2	NK-92MI			FALSE
GDSC2	NMC-G1			FALSE
GDSC2	NU-DUL-1			FALSE
GDSC2	OCI-Ly19			FALSE
GDSC2	OUMS-23			FALSE
GDSC2	OV7			FALSE
GDSC2	PE/CA-PJ15			FALSE
GDSC2	PL-21			FALSE
GDSC2	RCH-ACV			FALSE
GDSC2	RERF-LC-FM			FALSE
GDSC2	RERF-LC-MS	ACH-000062	Cellosaurus	TRUE
GDSC2	Rh18			FALSE
GDSC2	RL			FALSE
GDSC2	SCaBER			FALSE
GDSC2	SCC-25			FALSE
GDSC2	SF126			FALSE
GDSC2	SF295			FALSE
GDSC2	SIG-M5			FALSE
GDSC2	SK-MEL-3			FALSE
GDSC2	SK-MEL-30			FALSE
GDSC2	SK-MEL-31			FALSE
GDSC2	SNB-75			FALSE
GDSC2	SNU-475			FALSE
GDSC2	SU-DHL-1			FALSE
GDSC2	SU-DHL-4			FALSE
GDSC2	T24			FALSE
GDSC2	TALL-1 [Human adult T-ALL]			FALSE
GDSC2	TE-11			FALSE
GDSC2	THP-1			FALSE
GDSC2	VMRC-RCW			FALSE
GDSC2	YKG-1			FALSE
GDSC2	YMB-1-E			FALSE
GDSC2	DMS 153			FALSE
GDSC2	Calu-1			FALSE
GDSC2	BOKU			FALSE
GDSC2	DV-90	ACH-000925	Cellosaurus	TRUE
GDSC2	NCI-H1618			FALSE
GDSC2	SCLC-21H			FALSE
GDSC2	ECC4			FALSE
GDSC2	IPC-298			FALSE
GDSC2	J.RT3-T3.5			FALSE
GDSC2	LC-1F			FALSE
GDSC2	MC116			FALSE
GDSC2	MDA-MB-134-VI			FALSE
GDSC2	NT2-D1			FALSE
GDSC2	NCI-H1522			FALSE
GDSC2	T1-73			FALSE
GDSC2	S-117			FALSE
GDSC2	EFE-184			FALSE
GDSC2	NCI-H719			FALSE
GDSC2	NCI-H2107			FALSE
GDSC2	PLC/PRF/5			FALSE
GDSC2	COLO_005			FALSE
GDSC2	COLO_011			FALSE
GDSC2	COLO_021			FALSE
GDSC2	HCC33			FALSE
GDSC2	OESO_009			FALSE
GDSC2	OESO_040			FALSE
GDSC2	Mono-Mac-1			FALSE
GDSC2	MEC-2			FALSE
GDSC2	MEC-1			FALSE
GDSC2	M059K			FALSE
GDSC2	WM266-4			FALSE
GDSC2	COR-L51			FALSE
GDSC2	C8166			FALSE
GDSC2	COLO 320			FALSE
GDSC2	HCE-T			FALSE
GDSC2	HeLaSF			FALSE
GDSC2	I 9.2			FALSE
GDSC2	Hs 944.T			FALSE
GDSC2	IOSE-75-16SV40			FALSE
GDSC2	IOSE-364			FALSE
GDSC2	NCI-H2286			FALSE
GDSC2	RWPE-1			FALSE
GDSC2	Ishikawa			FALSE
GDSC2	IOSE-523			FALSE
GDSC2	IOSE-397			FALSE
GDSC2	HCE-7			FALSE
GDSC2	UE6E7T-3			FALSE
GDSC2	RWPE2-W99			FALSE
GDSC2	SCCH-196			FALSE
GDSC2	SACC-83			FALSE
GDSC2	GA-10 clone 4			FALSE
GDSC2	M000921			FALSE
GDSC2	M980513			FALSE
GDSC2	JHU-028			FALSE
GDSC2	MET-2B			FALSE
GDSC2	PL45			FALSE
CTRPv2	2004			FALSE
CTRPv2	22Rv1			FALSE
CTRPv2	23132/87			FALSE
CTRPv2	253J			FALSE
CTRPv2	253J-BV			FALSE
CTRPv2	42-MG-BA			FALSE
CTRPv2	5637			FALSE
CTRPv2	639V			FALSE
CTRPv2	647V			FALSE
CTRPv2	697			FALSE
CTRPv2	769-P			FALSE
CTRPv2	786-O			FALSE
CTRPv2	8-MG-BA			FALSE
CTRPv2	8305C			FALSE
CTRPv2	8505C			FALSE
CTRPv2	A-172			FALSE
CTRPv2	A-204			FALSE
CTRPv2	A-253			FALSE
CTRPv2	A-375			FALSE
CTRPv2	A-498			FALSE
CTRPv2	A-549	ACH-000681	Cellosaurus	TRUE
CTRPv2	A-673			FALSE
CTRPv2	A101D			FALSE
CTRPv2	A2058			FALSE
CTRPv2	A2780			FALSE
CTRPv2	A3/Kawakami			FALSE
CTRPv2	A4/Fukuda			FALSE
CTRPv2	ACC-MESO-1			FALSE
CTRPv2	ACHN			FALSE
CTRPv2	AGS			FALSE
CTRPv2	ALL-SIL			FALSE
CTRPv2	AM-38			FALSE
CTRPv2	AML-193			FALSE
CTRPv2	AMO1			FALSE
CTRPv2	AN3-CA			FALSE
CTRPv2	Aska-SS			FALSE
CTRPv2	AsPC-1			FALSE
CTRPv2	AU565			FALSE
CTRPv2	B-CPAP			FALSE
CTRPv2	BC-3C			FALSE
CTRPv2	BCP-1			FALSE
CTRPv2	BDCM			FALSE
CTRPv2	Becker			FALSE
CTRPv2	BEN			FALSE
CTRPv2	BFTC-905			FALSE
CTRPv2	BFTC-909			FALSE
CTRPv2	BHT-101			FALSE
CTRPv2	BHY			FALSE
CTRPv2	BICR 16			FALSE
CTRPv2	BICR 18			FALSE
CTRPv2	BICR 22			FALSE
CTRPv2	BICR 31			FALSE
CTRPv2	BICR 56			FALSE
CTRPv2	BICR 6			FALSE
CTRPv2	BL-41			FALSE
CTRPv2	BL-70			FALSE
CTRPv2	BT 112			FALSE
CTRPv2	BT 131			FALSE
CTRPv2	BT 139			FALSE
CTRPv2	BT 145			FALSE
CTRPv2	BT 147			FALSE
CTRPv2	BT 159			FALSE
CTRPv2	BT 164			FALSE
CTRPv2	BT 172			FALSE
CTRPv2	BT 187			FALSE
CTRPv2	BT 216			FALSE
CTRPv2	BT 224			FALSE
CTRPv2	BT 228			FALSE
CTRPv2	BT 231			FALSE
CTRPv2	BT 232			FALSE
CTRPv2	BT 239			FALSE
CTRPv2	BT 245			FALSE
CTRPv2	BT 248			FALSE
CTRPv2	BT 271			FALSE
CTRPv2	BT 286			FALSE
CTRPv2	BT 320			FALSE
CTRPv2	BT 328			FALSE
CTRPv2	BT 330			FALSE
CTRPv2	BT 333			FALSE
CTRPv2	BT 340			FALSE
CTRPv2	BT 359			FALSE
CTRPv2	BT 416			FALSE
CTRPv2	BT 422			FALSE
CTRPv2	BT 428			FALSE
CTRPv2	BT 440			FALSE
CTRPv2	BT 444			FALSE
CTRPv2	BT 482			FALSE
CTRPv2	BT 498			FALSE
CTRPv2	BT 504			FALSE
CTRPv2	BT-12			FALSE
CTRPv2	BT-16			FALSE
CTRPv2	BT-20			FALSE
CTRPv2	BT-474			FALSE
CTRPv2	BT-549			FALSE
CTRPv2	BT179			FALSE
CTRPv2	BV-173			FALSE
CTRPv2	BxPC-3			FALSE
CTRPv2	C2BBe1			FALSE
CTRPv2	C32 [Human melanoma]			FALSE
CTRPv2	CA46			FALSE
CTRPv2	CADO-ES1			FALSE
CTRPv2	Caki-1			FALSE
CTRPv2	Caki-2			FALSE
CTRPv2	CAL-120			FALSE
CTRPv2	CAL-12T			FALSE
CTRPv2	CAL-148			FALSE
CTRPv2	CAL-27			FALSE
CTRPv2	CAL-29			FALSE
CTRPv2	CAL-33			FALSE
CTRPv2	CAL-51			FALSE
CTRPv2	CAL-54			FALSE
CTRPv2	CAL-62			FALSE
CTRPv2	CAL-78			FALSE
CTRPv2	CAL-85-1			FALSE
CTRPv2	Calu-1			FALSE
CTRPv2	Calu-3	ACH-000392	Cellosaurus	TRUE
CTRPv2	Calu-6			FALSE
CTRPv2	CAMA-1			FALSE
CTRPv2	Caov-3	ACH-000392	name:cellid	TRUE
CTRPv2	Capan-1			FALSE
CTRPv2	Capan-2			FALSE
CTRPv2	CAS-1			FALSE
CTRPv2	CCF-STTG1			FALSE
CTRPv2	CCK-81			FALSE
CTRPv2	CFPAC-1			FALSE
CTRPv2	CGTH-W-1			FALSE
CTRPv2	ChaGo-K-1			FALSE
CTRPv2	CHP-126			FALSE
CTRPv2	CHP-212			FALSE
CTRPv2	Ci-1			FALSE
CTRPv2	CJM [Human melanoma]			FALSE
CTRPv2	CL-11			FALSE
CTRPv2	CL-34			FALSE
CTRPv2	CMK			FALSE
CTRPv2	CML-T1			FALSE
CTRPv2	COLO 201			FALSE
CTRPv2	COLO 205			FALSE
CTRPv2	COLO 320HSR			FALSE
CTRPv2	COLO 668			FALSE
CTRPv2	COLO 678			FALSE
CTRPv2	COLO 680N			FALSE
CTRPv2	COLO 684			FALSE
CTRPv2	COLO 699			FALSE
CTRPv2	COLO 741			FALSE
CTRPv2	COLO 792			FALSE
CTRPv2	COLO 800			FALSE
CTRPv2	COLO 829			FALSE
CTRPv2	COR-L105	ACH-000161	Cellosaurus	TRUE
CTRPv2	COR-L279			FALSE
CTRPv2	COR-L47			FALSE
CTRPv2	COR-L51			FALSE
CTRPv2	COR-L88			FALSE
CTRPv2	COR-L95			FALSE
CTRPv2	COV362			FALSE
CTRPv2	COV434			FALSE
CTRPv2	COV644			FALSE
CTRPv2	CW-2			FALSE
CTRPv2	D283 Med			FALSE
CTRPv2	DAN-G			FALSE
CTRPv2	Daoy			FALSE
CTRPv2	Daudi			FALSE
CTRPv2	DB			FALSE
CTRPv2	DBTRG-05MG			FALSE
CTRPv2	DEL			FALSE
CTRPv2	Detroit 562			FALSE
CTRPv2	DK-MG			FALSE
CTRPv2	DLD-1			FALSE
CTRPv2	DMS 114			FALSE
CTRPv2	DMS 273			FALSE
CTRPv2	DMS 454			FALSE
CTRPv2	DMS 53			FALSE
CTRPv2	DMS 79			FALSE
CTRPv2	DND-41			FALSE
CTRPv2	DoHH2			FALSE
CTRPv2	DOV13			FALSE
CTRPv2	DU145			FALSE
CTRPv2	DU4475			FALSE
CTRPv2	DV-90	ACH-000925	Cellosaurus	TRUE
CTRPv2	EB1			FALSE
CTRPv2	EBC-1			FALSE
CTRPv2	EC-GI-10			FALSE
CTRPv2	ECC10			FALSE
CTRPv2	ECC12			FALSE
CTRPv2	EFE-184			FALSE
CTRPv2	EFM-192A			FALSE
CTRPv2	EFO-21			FALSE
CTRPv2	EFO-27			FALSE
CTRPv2	EHEB			FALSE
CTRPv2	EJM			FALSE
CTRPv2	EKVX	ACH-000706	Cellosaurus	TRUE
CTRPv2	EM-2			FALSE
CTRPv2	EN			FALSE
CTRPv2	EoL-1			FALSE
CTRPv2	EPLC-272H			FALSE
CTRPv2	ES-2			FALSE
CTRPv2	ESS-1			FALSE
CTRPv2	F-36P			FALSE
CTRPv2	FaDu			FALSE
CTRPv2	FTC-133			FALSE
CTRPv2	FTC-238			FALSE
CTRPv2	FU-OV-1			FALSE
CTRPv2	Fu97			FALSE
CTRPv2	G-292 clone A141B1			FALSE
CTRPv2	G-361			FALSE
CTRPv2	G-401			FALSE
CTRPv2	G-402			FALSE
CTRPv2	GA-10			FALSE
CTRPv2	GaMG			FALSE
CTRPv2	GB-1			FALSE
CTRPv2	GCT			FALSE
CTRPv2	GDM-1			FALSE
CTRPv2	GI-1			FALSE
CTRPv2	GMS-10			FALSE
CTRPv2	GOS-3			FALSE
CTRPv2	GP2d			FALSE
CTRPv2	Granta-519			FALSE
CTRPv2	GSS			FALSE
CTRPv2	GSU			FALSE
CTRPv2	H-STS			FALSE
CTRPv2	HARA [Human squamous cell lung carcinoma]			FALSE
CTRPv2	HCC-56			FALSE
CTRPv2	HCC1143			FALSE
CTRPv2	HCC1171	ACH-000578	Cellosaurus	TRUE
CTRPv2	HCC1195			FALSE
CTRPv2	HCC1395			FALSE
CTRPv2	HCC1419			FALSE
CTRPv2	HCC1428			FALSE
CTRPv2	HCC1438			FALSE
CTRPv2	HCC15			FALSE
CTRPv2	HCC1500			FALSE
CTRPv2	HCC1569			FALSE
CTRPv2	HCC1588			FALSE
CTRPv2	HCC1806			FALSE
CTRPv2	HCC1833	ACH-000712	Cellosaurus	TRUE
CTRPv2	HCC1937			FALSE
CTRPv2	HCC1954			FALSE
CTRPv2	HCC202			FALSE
CTRPv2	HCC2108	ACH-000314	Cellosaurus	TRUE
CTRPv2	HCC2218			FALSE
CTRPv2	HCC2279	ACH-000731	Cellosaurus	TRUE
CTRPv2	HCC2935	ACH-000150	Cellosaurus	TRUE
CTRPv2	HCC33			FALSE
CTRPv2	HCC366			FALSE
CTRPv2	HCC38			FALSE
CTRPv2	HCC4006	ACH-000066	Cellosaurus	TRUE
CTRPv2	HCC44	ACH-000667	Cellosaurus	TRUE
CTRPv2	HCC78	ACH-000562	Cellosaurus	TRUE
CTRPv2	HCC827	ACH-000012	Cellosaurus	TRUE
CTRPv2	HCC95			FALSE
CTRPv2	HCT 116			FALSE
CTRPv2	HCT 15			FALSE
CTRPv2	HCT 8			FALSE
CTRPv2	HD-MY-Z			FALSE
CTRPv2	HDLM-2			FALSE
CTRPv2	HDQ-P1			FALSE
CTRPv2	HEC-1-A			FALSE
CTRPv2	HEC-1-B			FALSE
CTRPv2	HEC-108			FALSE
CTRPv2	HEC-151			FALSE
CTRPv2	HEC-251			FALSE
CTRPv2	HEC-265			FALSE
CTRPv2	HEC-50B			FALSE
CTRPv2	HEC-59			FALSE
CTRPv2	HEC-6			FALSE
CTRPv2	HEL			FALSE
CTRPv2	HEL 92.1.7			FALSE
CTRPv2	HeLa			FALSE
CTRPv2	Hep 3B2.1-7			FALSE
CTRPv2	Hep-G2			FALSE
CTRPv2	HEY A8			FALSE
CTRPv2	HGC-27			FALSE
CTRPv2	HH [Human lymphoma]			FALSE
CTRPv2	HL-60			FALSE
CTRPv2	HLF			FALSE
CTRPv2	HMC-1-8			FALSE
CTRPv2	HMCB			FALSE
CTRPv2	HOP-62	ACH-000861	Cellosaurus	TRUE
CTRPv2	HOP-92			FALSE
CTRPv2	HOS			FALSE
CTRPv2	HPAC			FALSE
CTRPv2	HPAF-II			FALSE
CTRPv2	HPB-ALL			FALSE
CTRPv2	Hs 294T			FALSE
CTRPv2	Hs 578Bst			FALSE
CTRPv2	Hs 578T			FALSE
CTRPv2	Hs 611.T			FALSE
CTRPv2	Hs 683			FALSE
CTRPv2	Hs 688(A).T			FALSE
CTRPv2	Hs 729.T			FALSE
CTRPv2	Hs 746.T			FALSE
CTRPv2	Hs 766T			FALSE
CTRPv2	Hs 822.T			FALSE
CTRPv2	Hs 839.T			FALSE
CTRPv2	Hs 852.T			FALSE
CTRPv2	Hs 888.Lu			FALSE
CTRPv2	Hs 888.T			FALSE
CTRPv2	Hs 895.T			FALSE
CTRPv2	Hs 934.T			FALSE
CTRPv2	Hs 936.T			FALSE
CTRPv2	Hs 940.T			FALSE
CTRPv2	Hs 944.T			FALSE
CTRPv2	HSC-2			FALSE
CTRPv2	HSC-3			FALSE
CTRPv2	HSC-4			FALSE
CTRPv2	HT			FALSE
CTRPv2	HT-1080			FALSE
CTRPv2	HT-1197			FALSE
CTRPv2	HT-1376			FALSE
CTRPv2	HT-144			FALSE
CTRPv2	HT-29			FALSE
CTRPv2	HT-55			FALSE
CTRPv2	HT115			FALSE
CTRPv2	HuCC-T1			FALSE
CTRPv2	HuG1-N			FALSE
CTRPv2	HuH-1			FALSE
CTRPv2	HuH-28			FALSE
CTRPv2	HuH-6 Clone 5			FALSE
CTRPv2	HuNS1			FALSE
CTRPv2	HuP-T3			FALSE
CTRPv2	HuP-T4			FALSE
CTRPv2	HuT 78			FALSE
CTRPv2	IA-LM			FALSE
CTRPv2	IGR-1			FALSE
CTRPv2	IGR-37			FALSE
CTRPv2	IGR-39			FALSE
CTRPv2	IGROV-1			FALSE
CTRPv2	IM95			FALSE
CTRPv2	IMR-32			FALSE
CTRPv2	IPC-298			FALSE
CTRPv2	Ishikawa (Heraklio) 02 ER-			FALSE
CTRPv2	IST-Mes1			FALSE
CTRPv2	J82			FALSE
CTRPv2	JeKo-1			FALSE
CTRPv2	JHH-1			FALSE
CTRPv2	JHH-2			FALSE
CTRPv2	JHH-4			FALSE
CTRPv2	JHH-5			FALSE
CTRPv2	JHH-6			FALSE
CTRPv2	JHOC-5			FALSE
CTRPv2	JHOM-1			FALSE
CTRPv2	JHOS-2			FALSE
CTRPv2	JHUEM-1			FALSE
CTRPv2	JHUEM-2			FALSE
CTRPv2	JHUEM-3			FALSE
CTRPv2	JHUEM-7			FALSE
CTRPv2	JIMT-1			FALSE
CTRPv2	JJN-3			FALSE
CTRPv2	JK-1			FALSE
CTRPv2	JL-1			FALSE
CTRPv2	JM-1			FALSE
CTRPv2	JMSU-1			FALSE
CTRPv2	Jurkat			FALSE
CTRPv2	JURL-MK1			FALSE
CTRPv2	JVM-2			FALSE
CTRPv2	JVM-3			FALSE
CTRPv2	K-562			FALSE
CTRPv2	K029AX			FALSE
CTRPv2	KALS-1			FALSE
CTRPv2	Karpas-299			FALSE
CTRPv2	Karpas-422			FALSE
CTRPv2	Karpas-620			FALSE
CTRPv2	Kasumi-1			FALSE
CTRPv2	Kasumi-2			FALSE
CTRPv2	KATO III			FALSE
CTRPv2	KCL-22			FALSE
CTRPv2	KE-37			FALSE
CTRPv2	KE-39			FALSE
CTRPv2	KE-97			FALSE
CTRPv2	Kelly			FALSE
CTRPv2	KG-1-C			FALSE
CTRPv2	KHM-1B			FALSE
CTRPv2	Ki-JK			FALSE
CTRPv2	KLE			FALSE
CTRPv2	KM-H2			FALSE
CTRPv2	KM12			FALSE
CTRPv2	KMBC-2			FALSE
CTRPv2	KMM-1			FALSE
CTRPv2	KMRC-1			FALSE
CTRPv2	KMRC-2			FALSE
CTRPv2	KMRC-20			FALSE
CTRPv2	KMRC-3			FALSE
CTRPv2	KMS-11			FALSE
CTRPv2	KMS-12-BM			FALSE
CTRPv2	KMS-18			FALSE
CTRPv2	KMS-20			FALSE
CTRPv2	KMS-21-BM			FALSE
CTRPv2	KMS-26			FALSE
CTRPv2	KMS-27			FALSE
CTRPv2	KMS-28BM			FALSE
CTRPv2	KMS-34			FALSE
CTRPv2	KNS-42			FALSE
CTRPv2	KNS-60			FALSE
CTRPv2	KNS-62			FALSE
CTRPv2	KNS-81			FALSE
CTRPv2	KO52			FALSE
CTRPv2	KP-2			FALSE
CTRPv2	KP-3			FALSE
CTRPv2	KP-4			FALSE
CTRPv2	KP-N-SI9s			FALSE
CTRPv2	KP-N-YN			FALSE
CTRPv2	KPL-1			FALSE
CTRPv2	KRIJ			FALSE
CTRPv2	KU-19-19			FALSE
CTRPv2	Ku812			FALSE
CTRPv2	Kuramochi			FALSE
CTRPv2	KYM-1			FALSE
CTRPv2	KYO-1			FALSE
CTRPv2	KYSE-140			FALSE
CTRPv2	KYSE-150			FALSE
CTRPv2	KYSE-180			FALSE
CTRPv2	KYSE-30			FALSE
CTRPv2	KYSE-410			FALSE
CTRPv2	KYSE-450			FALSE
CTRPv2	KYSE-510			FALSE
CTRPv2	KYSE-520			FALSE
CTRPv2	KYSE-70			FALSE
CTRPv2	L-1236			FALSE
CTRPv2	L-363			FALSE
CTRPv2	L-428			FALSE
CTRPv2	L-540			FALSE
CTRPv2	L3.3			FALSE
CTRPv2	LAMA-84			FALSE
CTRPv2	LC-1/sq-SF			FALSE
CTRPv2	LC-1F			FALSE
CTRPv2	LCLC-103H			FALSE
CTRPv2	LCLC-97TM1			FALSE
CTRPv2	Li-7			FALSE
CTRPv2	LK-2			FALSE
CTRPv2	LMSU			FALSE
CTRPv2	LN-18			FALSE
CTRPv2	LN-229			FALSE
CTRPv2	LNCaP clone FGC			FALSE
CTRPv2	LOU-NH91			FALSE
CTRPv2	LoVo			FALSE
CTRPv2	LOX-IMVI			FALSE
CTRPv2	LP-1			FALSE
CTRPv2	LS1034			FALSE
CTRPv2	LS123			FALSE
CTRPv2	LS180			FALSE
CTRPv2	LS411N			FALSE
CTRPv2	LS513			FALSE
CTRPv2	Lu-65			FALSE
CTRPv2	Lu-99A			FALSE
CTRPv2	LUDLU-1			FALSE
CTRPv2	LXF 289	ACH-000787	Cellosaurus	TRUE
CTRPv2	M-07e			FALSE
CTRPv2	M059K			FALSE
CTRPv2	Malme-3M			FALSE
CTRPv2	MC116			FALSE
CTRPv2	MCAS			FALSE
CTRPv2	MCF-7			FALSE
CTRPv2	MDA-MB-157			FALSE
CTRPv2	MDA-MB-231			FALSE
CTRPv2	MDA-MB-361			FALSE
CTRPv2	MDA-MB-415			FALSE
CTRPv2	MDA-MB-435			FALSE
CTRPv2	MDA-MB-453			FALSE
CTRPv2	MDA-MB-468			FALSE
CTRPv2	MDST8			FALSE
CTRPv2	ME-1 [Human leukemia]			FALSE
CTRPv2	MEC-1			FALSE
CTRPv2	Mel Ho			FALSE
CTRPv2	Mel JuSo			FALSE
CTRPv2	MES-SA			FALSE
CTRPv2	MeWo			FALSE
CTRPv2	MFE-296			FALSE
CTRPv2	MFE-319			FALSE
CTRPv2	MG-63			FALSE
CTRPv2	MHH-CALL-3			FALSE
CTRPv2	MHH-CALL-4			FALSE
CTRPv2	MHH-ES-1			FALSE
CTRPv2	MHH-NB-11			FALSE
CTRPv2	MIA PaCa-2			FALSE
CTRPv2	Mino			FALSE
CTRPv2	MJ			FALSE
CTRPv2	MKN1			FALSE
CTRPv2	MKN45			FALSE
CTRPv2	MKN7			FALSE
CTRPv2	MKN74			FALSE
CTRPv2	ML-1 [Human thyroid carcinoma]			FALSE
CTRPv2	MM1.S			FALSE
CTRPv2	MOLM-13			FALSE
CTRPv2	MOLM-16			FALSE
CTRPv2	MOLM-6			FALSE
CTRPv2	MOLP-2			FALSE
CTRPv2	MOLP-8			FALSE
CTRPv2	MOLT-13			FALSE
CTRPv2	MOLT-16			FALSE
CTRPv2	MOLT-3			FALSE
CTRPv2	Mono-Mac-1			FALSE
CTRPv2	Mono-Mac-6			FALSE
CTRPv2	MOR/CPR	ACH-000851	Cellosaurus	TRUE
CTRPv2	MOTN-1			FALSE
CTRPv2	MPP 89			FALSE
CTRPv2	MSTO-211H			FALSE
CTRPv2	MV4-11			FALSE
CTRPv2	NALM-6			FALSE
CTRPv2	Namalwa			FALSE
CTRPv2	NB1			FALSE
CTRPv2	NB4			FALSE
CTRPv2	NCC-StC-K140			FALSE
CTRPv2	NCI-H1092			FALSE
CTRPv2	NCI-H1105			FALSE
CTRPv2	NCI-H1155			FALSE
CTRPv2	NCI-H1184			FALSE
CTRPv2	NCI-H1299			FALSE
CTRPv2	NCI-H1339			FALSE
CTRPv2	NCI-H1341			FALSE
CTRPv2	NCI-H1355	ACH-000666	Cellosaurus	TRUE
CTRPv2	NCI-H1373	ACH-000845	Cellosaurus	TRUE
CTRPv2	NCI-H1385			FALSE
CTRPv2	NCI-H1395	ACH-000327	Cellosaurus	TRUE
CTRPv2	NCI-H1435	ACH-000852	Cellosaurus	TRUE
CTRPv2	NCI-H146			FALSE
CTRPv2	NCI-H1563	ACH-000892	Cellosaurus	TRUE
CTRPv2	NCI-H1568	ACH-000869	Cellosaurus	TRUE
CTRPv2	NCI-H1573	ACH-000916	Cellosaurus	TRUE
CTRPv2	NCI-H1581			FALSE
CTRPv2	NCI-H1623	ACH-000744	Cellosaurus	TRUE
CTRPv2	NCI-H1650	ACH-000035	Cellosaurus	TRUE
CTRPv2	NCI-H1651	ACH-000893	Cellosaurus	TRUE
CTRPv2	NCI-H1666	ACH-000448	Cellosaurus	TRUE
CTRPv2	NCI-H1693	ACH-000021	Cellosaurus	TRUE
CTRPv2	NCI-H1694			FALSE
CTRPv2	NCI-H1703			FALSE
CTRPv2	NCI-H1734	ACH-000675	Cellosaurus	TRUE
CTRPv2	NCI-H1755	ACH-000282	Cellosaurus	TRUE
CTRPv2	NCI-H1792	ACH-000496	Cellosaurus	TRUE
CTRPv2	NCI-H1793	ACH-000888	Cellosaurus	TRUE
CTRPv2	NCI-H1838	ACH-000733	Cellosaurus	TRUE
CTRPv2	NCI-H1869			FALSE
CTRPv2	NCI-H1915			FALSE
CTRPv2	NCI-H1944	ACH-000414	Cellosaurus	TRUE
CTRPv2	NCI-H196			FALSE
CTRPv2	NCI-H1975	ACH-000587	Cellosaurus	TRUE
CTRPv2	NCI-H2009	ACH-000886	Cellosaurus	TRUE
CTRPv2	NCI-H2023	ACH-000781	Cellosaurus	TRUE
CTRPv2	NCI-H2029			FALSE
CTRPv2	NCI-H2030	ACH-000521	Cellosaurus	TRUE
CTRPv2	NCI-H2052			FALSE
CTRPv2	NCI-H2081			FALSE
CTRPv2	NCI-H2085	ACH-000451	Cellosaurus	TRUE
CTRPv2	NCI-H2087	ACH-000841	Cellosaurus	TRUE
CTRPv2	NCI-H209			FALSE
CTRPv2	NCI-H2106			FALSE
CTRPv2	NCI-H211			FALSE
CTRPv2	NCI-H2110			FALSE
CTRPv2	NCI-H2122	ACH-000311	Cellosaurus	TRUE
CTRPv2	NCI-H2126	ACH-000785	Cellosaurus	TRUE
CTRPv2	NCI-H2141			FALSE
CTRPv2	NCI-H2170			FALSE
CTRPv2	NCI-H2171			FALSE
CTRPv2	NCI-H2172			FALSE
CTRPv2	NCI-H2196			FALSE
CTRPv2	NCI-H2228	ACH-000447	Cellosaurus	TRUE
CTRPv2	NCI-H226			FALSE
CTRPv2	NCI-H2286			FALSE
CTRPv2	NCI-H2291	ACH-000718	Cellosaurus	TRUE
CTRPv2	NCI-H23	ACH-000900	Cellosaurus	TRUE
CTRPv2	NCI-H2342	ACH-000951	Cellosaurus	TRUE
CTRPv2	NCI-H2405	ACH-000121	Cellosaurus	TRUE
CTRPv2	NCI-H2444			FALSE
CTRPv2	NCI-H2452			FALSE
CTRPv2	NCI-H28			FALSE
CTRPv2	NCI-H292			FALSE
CTRPv2	NCI-H322	ACH-000837	Cellosaurus	TRUE
CTRPv2	NCI-H358	ACH-000860	Cellosaurus	TRUE
CTRPv2	NCI-H441	ACH-000638	Cellosaurus	TRUE
CTRPv2	NCI-H446			FALSE
CTRPv2	NCI-H460			FALSE
CTRPv2	NCI-H508			FALSE
CTRPv2	NCI-H510A			FALSE
CTRPv2	NCI-H520			FALSE
CTRPv2	NCI-H522	ACH-000343	Cellosaurus	TRUE
CTRPv2	NCI-H524			FALSE
CTRPv2	NCI-H526			FALSE
CTRPv2	NCI-H647			FALSE
CTRPv2	NCI-H650	ACH-000945	Cellosaurus	TRUE
CTRPv2	NCI-H660			FALSE
CTRPv2	NCI-H661			FALSE
CTRPv2	NCI-H69			FALSE
CTRPv2	NCI-H716			FALSE
CTRPv2	NCI-H727			FALSE
CTRPv2	NCI-H747			FALSE
CTRPv2	NCI-H810			FALSE
CTRPv2	NCI-H838	ACH-000416	Cellosaurus	TRUE
CTRPv2	NCI-H841			FALSE
CTRPv2	NCI-H889			FALSE
CTRPv2	NCI-H929			FALSE
CTRPv2	NCI-N87			FALSE
CTRPv2	NCO2			FALSE
CTRPv2	NH-6			FALSE
CTRPv2	NMC-G1			FALSE
CTRPv2	NOMO-1			FALSE
CTRPv2	NU-DHL-1			FALSE
CTRPv2	NU-DUL-1			FALSE
CTRPv2	NUGC-3			FALSE
CTRPv2	NUGC-4			FALSE
CTRPv2	OAW28			FALSE
CTRPv2	OAW42			FALSE
CTRPv2	OC 314			FALSE
CTRPv2	OCI-AML-2			FALSE
CTRPv2	OCI-AML-3			FALSE
CTRPv2	OCI-AML-5			FALSE
CTRPv2	OCI-Ly10			FALSE
CTRPv2	OCI-Ly19			FALSE
CTRPv2	OCI-Ly3			FALSE
CTRPv2	OCI-M1			FALSE
CTRPv2	OCUM-1			FALSE
CTRPv2	OE19			FALSE
CTRPv2	OE21			FALSE
CTRPv2	OE33			FALSE
CTRPv2	ONCO-DG-1			FALSE
CTRPv2	ONS-76			FALSE
CTRPv2	OPM-2			FALSE
CTRPv2	OS-RC-2			FALSE
CTRPv2	OUMS-23			FALSE
CTRPv2	OV-90			FALSE
CTRPv2	OV56			FALSE
CTRPv2	OV7			FALSE
CTRPv2	OVCAR-4			FALSE
CTRPv2	OVCAR-5			FALSE
CTRPv2	OVCAR-8			FALSE
CTRPv2	OVISE			FALSE
CTRPv2	OVK18			FALSE
CTRPv2	OVSAHO			FALSE
CTRPv2	OVTOKO			FALSE
CTRPv2	P-STS			FALSE
CTRPv2	P12-Ichikawa			FALSE
CTRPv2	P31/FUJ			FALSE
CTRPv2	P3HR-1			FALSE
CTRPv2	Panc 02.03			FALSE
CTRPv2	Panc 03.27			FALSE
CTRPv2	Panc 04.03			FALSE
CTRPv2	Panc 05.04			FALSE
CTRPv2	Panc 08.13			FALSE
CTRPv2	Panc 10.05			FALSE
CTRPv2	PANC-1			FALSE
CTRPv2	PaTu 8902			FALSE
CTRPv2	PaTu 8988s			FALSE
CTRPv2	PaTu 8988t			FALSE
CTRPv2	PC-14	ACH-000030	Cellosaurus	TRUE
CTRPv2	PC-3			FALSE
CTRPv2	PE/CA-PJ15			FALSE
CTRPv2	PE/CA-PJ34 (clone C12)			FALSE
CTRPv2	PE/CA-PJ41 (clone D2)			FALSE
CTRPv2	PE/CA-PJ49			FALSE
CTRPv2	Peer			FALSE
CTRPv2	PF-382			FALSE
CTRPv2	Pfeiffer			FALSE
CTRPv2	PK-1			FALSE
CTRPv2	PK-45H			FALSE
CTRPv2	PK-59			FALSE
CTRPv2	PL-21			FALSE
CTRPv2	PLC/PRF/5			FALSE
CTRPv2	PSN1			FALSE
CTRPv2	QGP-1			FALSE
CTRPv2	Raji			FALSE
CTRPv2	RCC10RGB			FALSE
CTRPv2	RCH-ACV			FALSE
CTRPv2	RCM-1 [Human rectum adenocarcinoma]			FALSE
CTRPv2	RD			FALSE
CTRPv2	RD-ES			FALSE
CTRPv2	REC-1			FALSE
CTRPv2	Reh			FALSE
CTRPv2	RERF-LC-A1	ACH-000791	name:cellid	TRUE
CTRPv2	RERF-LC-Ad1	ACH-000791	Cellosaurus	TRUE
CTRPv2	RERF-LC-Ad2	ACH-000774	Cellosaurus	TRUE
CTRPv2	RERF-LC-MS	ACH-000062	Cellosaurus	TRUE
CTRPv2	Rh18			FALSE
CTRPv2	Rh30			FALSE
CTRPv2	Rh41			FALSE
CTRPv2	Ri-1			FALSE
CTRPv2	RKN			FALSE
CTRPv2	RKO			FALSE
CTRPv2	RL			FALSE
CTRPv2	RL95-2			FALSE
CTRPv2	RMG-I			FALSE
CTRPv2	RPMI-6666			FALSE
CTRPv2	RPMI-7951			FALSE
CTRPv2	RPMI-8226			FALSE
CTRPv2	RPMI-8402			FALSE
CTRPv2	RS4;11			FALSE
CTRPv2	RT-112			FALSE
CTRPv2	RT-4			FALSE
CTRPv2	RVH-421			FALSE
CTRPv2	SaOS-2			FALSE
CTRPv2	SBC-5			FALSE
CTRPv2	SCaBER			FALSE
CTRPv2	SCC-25			FALSE
CTRPv2	SCC-4			FALSE
CTRPv2	SCC-9			FALSE
CTRPv2	SCLC-21H			FALSE
CTRPv2	SEM			FALSE
CTRPv2	SET-2			FALSE
CTRPv2	SF126			FALSE
CTRPv2	SF268			FALSE
CTRPv2	SF295			FALSE
CTRPv2	SF539			FALSE
CTRPv2	SH-10-TC			FALSE
CTRPv2	SH-4			FALSE
CTRPv2	SHP-77			FALSE
CTRPv2	SIG-M5			FALSE
CTRPv2	SiMa			FALSE
CTRPv2	SJSA-1			FALSE
CTRPv2	SK-BR-3			FALSE
CTRPv2	SK-CO-1			FALSE
CTRPv2	SK-ES-1			FALSE
CTRPv2	SK-HEP-1			FALSE
CTRPv2	SK-LMS-1			FALSE
CTRPv2	SK-LU-1			FALSE
CTRPv2	SK-MEL-1			FALSE
CTRPv2	SK-MEL-2			FALSE
CTRPv2	SK-MEL-24			FALSE
CTRPv2	SK-MEL-28			FALSE
CTRPv2	SK-MEL-3			FALSE
CTRPv2	SK-MEL-30			FALSE
CTRPv2	SK-MEL-31			FALSE
CTRPv2	SK-MEL-5			FALSE
CTRPv2	SK-MES-1			FALSE
CTRPv2	SK-MM-2			FALSE
CTRPv2	SK-N-AS			FALSE
CTRPv2	SK-N-BE(2)			FALSE
CTRPv2	SK-N-DZ			FALSE
CTRPv2	SK-N-FI			FALSE
CTRPv2	SK-N-MC			FALSE
CTRPv2	SK-N-SH			FALSE
CTRPv2	SK-OV-3			FALSE
CTRPv2	SK-UT-1			FALSE
CTRPv2	SKM-1			FALSE
CTRPv2	SNB-75			FALSE
CTRPv2	SNG-M			FALSE
CTRPv2	SNU-1			FALSE
CTRPv2	SNU-1033			FALSE
CTRPv2	SNU-1041			FALSE
CTRPv2	SNU-1066			FALSE
CTRPv2	SNU-1076			FALSE
CTRPv2	SNU-1077			FALSE
CTRPv2	SNU-1079			FALSE
CTRPv2	SNU-1105			FALSE
CTRPv2	SNU-119			FALSE
CTRPv2	SNU-1196			FALSE
CTRPv2	SNU-1214			FALSE
CTRPv2	SNU-1272			FALSE
CTRPv2	SNU-16			FALSE
CTRPv2	SNU-175			FALSE
CTRPv2	SNU-182			FALSE
CTRPv2	SNU-201			FALSE
CTRPv2	SNU-213			FALSE
CTRPv2	SNU-216			FALSE
CTRPv2	SNU-245			FALSE
CTRPv2	SNU-308			FALSE
CTRPv2	SNU-387			FALSE
CTRPv2	SNU-398			FALSE
CTRPv2	SNU-407			FALSE
CTRPv2	SNU-410			FALSE
CTRPv2	SNU-423			FALSE
CTRPv2	SNU-449			FALSE
CTRPv2	SNU-46			FALSE
CTRPv2	SNU-466			FALSE
CTRPv2	SNU-475			FALSE
CTRPv2	SNU-478			FALSE
CTRPv2	SNU-489			FALSE
CTRPv2	SNU-5			FALSE
CTRPv2	SNU-503			FALSE
CTRPv2	SNU-601			FALSE
CTRPv2	SNU-61			FALSE
CTRPv2	SNU-620			FALSE
CTRPv2	SNU-626			FALSE
CTRPv2	SNU-668			FALSE
CTRPv2	SNU-685			FALSE
CTRPv2	SNU-719			FALSE
CTRPv2	SNU-738			FALSE
CTRPv2	SNU-761			FALSE
CTRPv2	SNU-8			FALSE
CTRPv2	SNU-81			FALSE
CTRPv2	SNU-840			FALSE
CTRPv2	SNU-869			FALSE
CTRPv2	SNU-878			FALSE
CTRPv2	SNU-886			FALSE
CTRPv2	SNU-899			FALSE
CTRPv2	SNU-C1			FALSE
CTRPv2	SNU-C2A			FALSE
CTRPv2	SNU-C4			FALSE
CTRPv2	SNU-C5			FALSE
CTRPv2	Sq-1			FALSE
CTRPv2	SR			FALSE
CTRPv2	ST486			FALSE
CTRPv2	SU-DHL-1			FALSE
CTRPv2	SU-DHL-10			FALSE
CTRPv2	SU-DHL-4			FALSE
CTRPv2	SU-DHL-6			FALSE
CTRPv2	SU-DHL-8			FALSE
CTRPv2	SU.86.86			FALSE
CTRPv2	SUIT-2			FALSE
CTRPv2	SUP-B15			FALSE
CTRPv2	SUP-HD1			FALSE
CTRPv2	SUP-M2			FALSE
CTRPv2	SUP-T1			FALSE
CTRPv2	SUP-T11			FALSE
CTRPv2	SW1088			FALSE
CTRPv2	SW1116			FALSE
CTRPv2	SW1271			FALSE
CTRPv2	SW1353			FALSE
CTRPv2	SW1417			FALSE
CTRPv2	SW1463			FALSE
CTRPv2	SW1573	ACH-000677	Cellosaurus	TRUE
CTRPv2	SW1710			FALSE
CTRPv2	SW1783			FALSE
CTRPv2	SW1990			FALSE
CTRPv2	SW48			FALSE
CTRPv2	SW579			FALSE
CTRPv2	SW620			FALSE
CTRPv2	SW948			FALSE
CTRPv2	SW982			FALSE
CTRPv2	SYO-1			FALSE
CTRPv2	T-47D			FALSE
CTRPv2	T24			FALSE
CTRPv2	T3M-10			FALSE
CTRPv2	T84			FALSE
CTRPv2	T98G			FALSE
CTRPv2	TALL-1 [Human adult T-ALL]			FALSE
CTRPv2	TC-71			FALSE
CTRPv2	TCC-PAN2			FALSE
CTRPv2	TCCSUP			FALSE
CTRPv2	TE 441.T			FALSE
CTRPv2	TE 617.T			FALSE
CTRPv2	TE-1			FALSE
CTRPv2	TE-10			FALSE
CTRPv2	TE-11			FALSE
CTRPv2	TE-14			FALSE
CTRPv2	TE-15			FALSE
CTRPv2	TE-4			FALSE
CTRPv2	TE-5			FALSE
CTRPv2	TE-6			FALSE
CTRPv2	TE-8			FALSE
CTRPv2	TE-9			FALSE
CTRPv2	TF-1			FALSE
CTRPv2	THP-1			FALSE
CTRPv2	TM-31			FALSE
CTRPv2	Tm87-16			FALSE
CTRPv2	Toledo			FALSE
CTRPv2	TOV-112D			FALSE
CTRPv2	TOV-21G			FALSE
CTRPv2	TT			FALSE
CTRPv2	TT2609-C02			FALSE
CTRPv2	TTC-709			FALSE
CTRPv2	TUHR10TKB			FALSE
CTRPv2	TUHR14TKB			FALSE
CTRPv2	TUHR4TKB			FALSE
CTRPv2	TYK-nu			FALSE
CTRPv2	U-118MG			FALSE
CTRPv2	U-251MG			FALSE
CTRPv2	U-87MG ATCC			FALSE
CTRPv2	U-937			FALSE
CTRPv2	U-BLC1			FALSE
CTRPv2	U-CH1			FALSE
CTRPv2	U266B1			FALSE
CTRPv2	U2OS			FALSE
CTRPv2	UACC-257			FALSE
CTRPv2	UACC-62			FALSE
CTRPv2	UACC-812			FALSE
CTRPv2	UM-UC-1			FALSE
CTRPv2	UM-UC-3			FALSE
CTRPv2	UO-31			FALSE
CTRPv2	VCaP			FALSE
CTRPv2	VM-CUB-1			FALSE
CTRPv2	VMRC-LCD			FALSE
CTRPv2	VMRC-RCW			FALSE
CTRPv2	VMRC-RCZ			FALSE
CTRPv2	WM115			FALSE
CTRPv2	WM1799			FALSE
CTRPv2	WM266-4			FALSE
CTRPv2	WM793			FALSE
CTRPv2	WM88			FALSE
CTRPv2	WM983B			FALSE
CTRPv2	WSU-DLCL2			FALSE
CTRPv2	Yamato-SS			FALSE
CTRPv2	YAPC			FALSE
CTRPv2	YD-10B			FALSE
CTRPv2	YD-15			FALSE
CTRPv2	YD-38			FALSE
CTRPv2	YD-8			FALSE
CTRPv2	YH-13			FALSE
CTRPv2	YKG-1			FALSE
CTRPv2	ZR-75-1			FALSE
CTRPv2	ZR-75-30			FALSE
PRISM	22Rv1			FALSE
PRISM	23132/87			FALSE
PRISM	253J			FALSE
PRISM	253J-BV			FALSE
PRISM	42-MG-BA			FALSE
PRISM	5637			FALSE
PRISM	639V			FALSE
PRISM	647V			FALSE
PRISM	769-P			FALSE
PRISM	786-O			FALSE
PRISM	8305C			FALSE
PRISM	8505C			FALSE
PRISM	8-MG-BA			FALSE
PRISM	A101D			FALSE
PRISM	A-172			FALSE
PRISM	A-204			FALSE
PRISM	A2058			FALSE
PRISM	A2780			FALSE
PRISM	A-375			FALSE
PRISM	A-549	ACH-000681	name:cellid	TRUE
PRISM	A-673			FALSE
PRISM	A-704			FALSE
PRISM	ABC-1	ACH-000528	name:cellid	TRUE
PRISM	ACC-MESO-1			FALSE
PRISM	ACHN			FALSE
PRISM	AGS			FALSE
PRISM	AN3-CA			FALSE
PRISM	AsPC-1			FALSE
PRISM	BC-3C			FALSE
PRISM	B-CPAP			FALSE
PRISM	Becker			FALSE
PRISM	BEN			FALSE
PRISM	BFTC-905			FALSE
PRISM	BFTC-909			FALSE
PRISM	BHT-101			FALSE
PRISM	BICR 16			FALSE
PRISM	BICR 31			FALSE
PRISM	BICR 56			FALSE
PRISM	BICR 6			FALSE
PRISM	BT-474			FALSE
PRISM	BT-549			FALSE
PRISM	BxPC-3			FALSE
PRISM	CADO-ES1			FALSE
PRISM	Caki-1			FALSE
PRISM	CAL-120			FALSE
PRISM	CAL-12T			FALSE
PRISM	CAL-27			FALSE
PRISM	CAL-29			FALSE
PRISM	CAL-51			FALSE
PRISM	CAL-54			FALSE
PRISM	CAL-62			FALSE
PRISM	CAL-78			FALSE
PRISM	Calu-6			FALSE
PRISM	CAMA-1			FALSE
PRISM	Caov-3	ACH-000392	name:cellid	TRUE
PRISM	Capan-2			FALSE
PRISM	CCF-STTG1			FALSE
PRISM	CFPAC-1			FALSE
PRISM	CHL-1			FALSE
PRISM	CJM [Human melanoma]			FALSE
PRISM	CL-34			FALSE
PRISM	COLO 668			FALSE
PRISM	COLO 679			FALSE
PRISM	COLO 680N			FALSE
PRISM	COLO 741			FALSE
PRISM	COLO 783			FALSE
PRISM	COLO 792			FALSE
PRISM	COLO 800			FALSE
PRISM	COR-L105	ACH-000161	name:cellid	TRUE
PRISM	COR-L23			FALSE
PRISM	COV362			FALSE
PRISM	COV434			FALSE
PRISM	DAN-G			FALSE
PRISM	Daoy			FALSE
PRISM	DBTRG-05MG			FALSE
PRISM	Detroit 562			FALSE
PRISM	DK-MG			FALSE
PRISM	DMS 273			FALSE
PRISM	DU145			FALSE
PRISM	EBC-1			FALSE
PRISM	EC-GI-10			FALSE
PRISM	EFM-192A			FALSE
PRISM	EFO-21			FALSE
PRISM	EFO-27			FALSE
PRISM	EN			FALSE
PRISM	ES-2			FALSE
PRISM	ESS-1			FALSE
PRISM	EWS-502			FALSE
PRISM	FaDu			FALSE
PRISM	FTC-133			FALSE
PRISM	FTC-238			FALSE
PRISM	G-292 clone A141B1			FALSE
PRISM	G-361			FALSE
PRISM	G-401			FALSE
PRISM	G-402			FALSE
PRISM	GaMG			FALSE
PRISM	GB-1			FALSE
PRISM	GCIY			FALSE
PRISM	GCT			FALSE
PRISM	GI-1			FALSE
PRISM	GMS-10			FALSE
PRISM	GOS-3			FALSE
PRISM	GP2d			FALSE
PRISM	H4			FALSE
PRISM	HARA [Human squamous cell lung carcinoma]			FALSE
PRISM	HCC1143			FALSE
PRISM	HCC1195			FALSE
PRISM	HCC1359			FALSE
PRISM	HCC1419			FALSE
PRISM	HCC1428			FALSE
PRISM	HCC1438			FALSE
PRISM	HCC15			FALSE
PRISM	HCC1806			FALSE
PRISM	HCC1937			FALSE
PRISM	HCC366			FALSE
PRISM	HCC38			FALSE
PRISM	HCC4006	ACH-000066	name:cellid	TRUE
PRISM	HCC44	ACH-000667	name:cellid	TRUE
PRISM	HCC-56			FALSE
PRISM	HCC78	ACH-000562	name:cellid	TRUE
PRISM	HCC827	ACH-000012	name:cellid	TRUE
PRISM	HCC95			FALSE
PRISM	HCT 116			FALSE
PRISM	HCT 15			FALSE
PRISM	HDQ-P1			FALSE
PRISM	HEC-108			FALSE
PRISM	HEC-151			FALSE
PRISM	HEC-1-A			FALSE
PRISM	HEC-1-B			FALSE
PRISM	HEC-251			FALSE
PRISM	HEC-265			FALSE
PRISM	HEC-59			FALSE
PRISM	HEC-6			FALSE
PRISM	Hep 3B2.1-7			FALSE
PRISM	HEY A8			FALSE
PRISM	HGC-27			FALSE
PRISM	HLF			FALSE
PRISM	HMC-1-8			FALSE
PRISM	HOS			FALSE
PRISM	HPAC			FALSE
PRISM	Hs 294T			FALSE
PRISM	Hs 729.T			FALSE
PRISM	Hs 766T			FALSE
PRISM	Hs 852.T			FALSE
PRISM	Hs 939.T			FALSE
PRISM	Hs 944.T			FALSE
PRISM	HSC-2			FALSE
PRISM	HSC-3			FALSE
PRISM	HT-1080			FALSE
PRISM	HT-1376			FALSE
PRISM	HT-144			FALSE
PRISM	HT-29			FALSE
PRISM	HT-55			FALSE
PRISM	HuCC-T1			FALSE
PRISM	HuH-28			FALSE
PRISM	HuH-6			FALSE
PRISM	Huh-7			FALSE
PRISM	HuP-T3			FALSE
PRISM	IA-LM			FALSE
PRISM	IGR-1			FALSE
PRISM	IGR-37			FALSE
PRISM	IGROV-1			FALSE
PRISM	IM95			FALSE
PRISM	IPC-298			FALSE
PRISM	Ishikawa (Heraklio) 02 ER-			FALSE
PRISM	IST-Mes1			FALSE
PRISM	IST-Mes2			FALSE
PRISM	J82			FALSE
PRISM	JHH-1			FALSE
PRISM	JHH-4			FALSE
PRISM	JHH-5			FALSE
PRISM	JHH-6			FALSE
PRISM	JHH-7			FALSE
PRISM	JHOC-5			FALSE
PRISM	JHOM-1			FALSE
PRISM	JHOS-2			FALSE
PRISM	JHUEM-2			FALSE
PRISM	JIMT-1			FALSE
PRISM	JMSU-1			FALSE
PRISM	K029AX			FALSE
PRISM	KALS-1			FALSE
PRISM	Kelly			FALSE
PRISM	KMBC-2			FALSE
PRISM	KMRC-1			FALSE
PRISM	KMRC-20			FALSE
PRISM	KMRC-3			FALSE
PRISM	KNS-42			FALSE
PRISM	KNS-60			FALSE
PRISM	KNS-62			FALSE
PRISM	KNS-81			FALSE
PRISM	KP-2			FALSE
PRISM	KP-3			FALSE
PRISM	KP-4			FALSE
PRISM	KU-19-19			FALSE
PRISM	Kuramochi			FALSE
PRISM	KYSE-140			FALSE
PRISM	KYSE-150			FALSE
PRISM	KYSE-180			FALSE
PRISM	KYSE-270			FALSE
PRISM	KYSE-30			FALSE
PRISM	KYSE-410			FALSE
PRISM	KYSE-510			FALSE
PRISM	KYSE-520			FALSE
PRISM	KYSE-70			FALSE
PRISM	L3.3			FALSE
PRISM	LC-1/sq-SF			FALSE
PRISM	LCLC-103H			FALSE
PRISM	Li-7			FALSE
PRISM	LK-2			FALSE
PRISM	LMSU			FALSE
PRISM	LN-18			FALSE
PRISM	LN-229			FALSE
PRISM	LNCaP clone FGC			FALSE
PRISM	LOU-NH91			FALSE
PRISM	LoVo			FALSE
PRISM	LOX-IMVI			FALSE
PRISM	LS1034			FALSE
PRISM	LS180			FALSE
PRISM	LS411N			FALSE
PRISM	LS513			FALSE
PRISM	Lu-99			FALSE
PRISM	LUDLU-1			FALSE
PRISM	LXF 289	ACH-000787	name:cellid	TRUE
PRISM	Malme-3M			FALSE
PRISM	MCAS			FALSE
PRISM	MCF-7			FALSE
PRISM	MDA-MB-175-VII			FALSE
PRISM	MDA-MB-231			FALSE
PRISM	MDA-MB-435S			FALSE
PRISM	MDA-MB-436			FALSE
PRISM	MDA-MB-468			FALSE
PRISM	Mel Ho			FALSE
PRISM	Mel JuSo			FALSE
PRISM	MES-SA			FALSE
PRISM	MeWo			FALSE
PRISM	MFE-280			FALSE
PRISM	MFE-296			FALSE
PRISM	MFE-319			FALSE
PRISM	MG-63			FALSE
PRISM	MHH-ES-1			FALSE
PRISM	MIA PaCa-2			FALSE
PRISM	MKN1			FALSE
PRISM	MKN45			FALSE
PRISM	MKN7			FALSE
PRISM	MKN74			FALSE
PRISM	MON			FALSE
PRISM	MPP 89			FALSE
PRISM	MSTO-211H			FALSE
PRISM	NB1			FALSE
PRISM	NCI-H1048			FALSE
PRISM	NCI-H1299			FALSE
PRISM	NCI-H1339			FALSE
PRISM	NCI-H1355	ACH-000666	name:cellid	TRUE
PRISM	NCI-H1373	ACH-000845	name:cellid	TRUE
PRISM	NCI-H1435	ACH-000852	name:cellid	TRUE
PRISM	NCI-H1437	ACH-000589	name:cellid	TRUE
PRISM	NCI-H1563	ACH-000892	name:cellid	TRUE
PRISM	NCI-H1568	ACH-000869	name:cellid	TRUE
PRISM	NCI-H157			FALSE
PRISM	NCI-H1581			FALSE
PRISM	NCI-H1623	ACH-000744	name:cellid	TRUE
PRISM	NCI-H1648	ACH-000766	name:cellid	TRUE
PRISM	NCI-H1650	ACH-000035	name:cellid	TRUE
PRISM	NCI-H1651	ACH-000893	name:cellid	TRUE
PRISM	NCI-H1693	ACH-000021	name:cellid	TRUE
PRISM	NCI-H1703			FALSE
PRISM	NCI-H1792	ACH-000496	name:cellid	TRUE
PRISM	NCI-H1793	ACH-000888	name:cellid	TRUE
PRISM	NCI-H1838	ACH-000733	name:cellid	TRUE
PRISM	NCI-H1915			FALSE
PRISM	NCI-H1944	ACH-000414	name:cellid	TRUE
PRISM	NCI-H1975	ACH-000587	name:cellid	TRUE
PRISM	NCI-H2009	ACH-000886	name:cellid	TRUE
PRISM	NCI-H2023	ACH-000781	name:cellid	TRUE
PRISM	NCI-H2030	ACH-000521	name:cellid	TRUE
PRISM	NCI-H2052			FALSE
PRISM	NCI-H2087	ACH-000841	name:cellid	TRUE
PRISM	NCI-H2110			FALSE
PRISM	NCI-H2122	ACH-000311	name:cellid	TRUE
PRISM	NCI-H2126	ACH-000785	name:cellid	TRUE
PRISM	NCI-H2170			FALSE
PRISM	NCI-H2172			FALSE
PRISM	NCI-H2228	ACH-000447	name:cellid	TRUE
PRISM	NCI-H226			FALSE
PRISM	NCI-H23	ACH-000900	name:cellid	TRUE
PRISM	NCI-H2347	ACH-000875	name:cellid	TRUE
PRISM	NCI-H2444			FALSE
PRISM	NCI-H2452			FALSE
PRISM	NCI-H28			FALSE
PRISM	NCI-H292			FALSE
PRISM	NCI-H322	ACH-000837	name:cellid	TRUE
PRISM	NCI-H358	ACH-000860	name:cellid	TRUE
PRISM	NCI-H446			FALSE
PRISM	NCI-H460			FALSE
PRISM	NCI-H520			FALSE
PRISM	NCI-H522	ACH-000343	name:cellid	TRUE
PRISM	NCI-H596			FALSE
PRISM	NCI-H650	ACH-000945	name:cellid	TRUE
PRISM	NCI-H661			FALSE
PRISM	NCI-H727			FALSE
PRISM	NCI-H747			FALSE
PRISM	NCI-H838	ACH-000416	name:cellid	TRUE
PRISM	NCI-H841			FALSE
PRISM	NCI-N87			FALSE
PRISM	NUGC-3			FALSE
PRISM	NUGC-4			FALSE
PRISM	OAW42			FALSE
PRISM	OC 314			FALSE
PRISM	OC 316			FALSE
PRISM	OE19			FALSE
PRISM	OE21			FALSE
PRISM	OE33			FALSE
PRISM	ONCO-DG-1			FALSE
PRISM	ONS-76			FALSE
PRISM	OS-RC-2			FALSE
PRISM	OUMS-23			FALSE
PRISM	OV56			FALSE
PRISM	OV7			FALSE
PRISM	OVCAR-8			FALSE
PRISM	OVISE			FALSE
PRISM	OVK18			FALSE
PRISM	OVTOKO			FALSE
PRISM	Panc 02.03			FALSE
PRISM	Panc 03.27			FALSE
PRISM	Panc 04.03			FALSE
PRISM	Panc 08.13			FALSE
PRISM	PANC-1			FALSE
PRISM	Panc 10.05			FALSE
PRISM	PaTu 8902			FALSE
PRISM	PaTu 8988s			FALSE
PRISM	PaTu 8988t			FALSE
PRISM	PC-14	ACH-000030	name:cellid	TRUE
PRISM	PC-3			FALSE
PRISM	PE/CA-PJ15			FALSE
PRISM	PE/CA-PJ41 (clone D2)			FALSE
PRISM	PE/CA-PJ49			FALSE
PRISM	PK-1			FALSE
PRISM	PK-45H			FALSE
PRISM	PK-59			FALSE
PRISM	PLC/PRF/5			FALSE
PRISM	PSN1			FALSE
PRISM	QGP-1			FALSE
PRISM	RCC10RGB			FALSE
PRISM	RCM-1 [Human rectum adenocarcinoma]			FALSE
PRISM	RD			FALSE
PRISM	RERF-LC-Ad1	ACH-000791	name:cellid	TRUE
PRISM	RERF-LC-Ad2	ACH-000774	name:cellid	TRUE
PRISM	RERF-LC-A1	ACH-000791	name:cellid	TRUE
PRISM	RERF-LC-KJ	ACH-000482	name:cellid	TRUE
PRISM	RERF-LC-MS	ACH-000062	name:cellid	TRUE
PRISM	Rh30			FALSE
PRISM	RKN			FALSE
PRISM	RKO			FALSE
PRISM	RL95-2			FALSE
PRISM	RMG-I			FALSE
PRISM	RMUG-S			FALSE
PRISM	RT-112			FALSE
PRISM	RT-4			FALSE
PRISM	RVH-421			FALSE
PRISM	S-117			FALSE
PRISM	SBC-5			FALSE
PRISM	SCaBER			FALSE
PRISM	SCC-25			FALSE
PRISM	SF126			FALSE
PRISM	SF295			FALSE
PRISM	SF539			FALSE
PRISM	SH-10-TC			FALSE
PRISM	SH-4			FALSE
PRISM	SiMa			FALSE
PRISM	SJSA-1			FALSE
PRISM	SK-ES-1			FALSE
PRISM	SK-HEP-1			FALSE
PRISM	SK-LU-1			FALSE
PRISM	SK-MEL-2			FALSE
PRISM	SK-MEL-24			FALSE
PRISM	SK-MEL-3			FALSE
PRISM	SK-MEL-30			FALSE
PRISM	SK-MEL-5			FALSE
PRISM	SK-MES-1			FALSE
PRISM	SK-N-AS			FALSE
PRISM	SK-N-BE(2)			FALSE
PRISM	SK-OV-3			FALSE
PRISM	SK-UT-1			FALSE
PRISM	SNB-75			FALSE
PRISM	SNG-M			FALSE
PRISM	SNU-1041			FALSE
PRISM	SNU-1066			FALSE
PRISM	SNU-1076			FALSE
PRISM	SNU-1077			FALSE
PRISM	SNU-1079			FALSE
PRISM	SNU-1105			FALSE
PRISM	SNU-1196			FALSE
PRISM	SNU-1214			FALSE
PRISM	SNU-213			FALSE
PRISM	SNU-245			FALSE
PRISM	SNU-308			FALSE
PRISM	SNU-398			FALSE
PRISM	SNU-407			FALSE
PRISM	SNU-410			FALSE
PRISM	SNU-423			FALSE
PRISM	SNU-449			FALSE
PRISM	SNU-46			FALSE
PRISM	SNU-466			FALSE
PRISM	SNU-601			FALSE
PRISM	SNU-61			FALSE
PRISM	SNU-668			FALSE
PRISM	SNU-685			FALSE
PRISM	SNU-719			FALSE
PRISM	SNU-761			FALSE
PRISM	SNU-81			FALSE
PRISM	SNU-840			FALSE
PRISM	SNU-869			FALSE
PRISM	SNU-886			FALSE
PRISM	SNU-C2A			FALSE
PRISM	SNU-C4			FALSE
PRISM	SNU-C5			FALSE
PRISM	Sq-1			FALSE
PRISM	SUIT-2			FALSE
PRISM	SW1088			FALSE
PRISM	SW1271			FALSE
PRISM	SW1353			FALSE
PRISM	SW1573	ACH-000677	name:cellid	TRUE
PRISM	SW1710			FALSE
PRISM	SW1990			FALSE
PRISM	SW48			FALSE
PRISM	SW480			FALSE
PRISM	SW579			FALSE
PRISM	SW620			FALSE
PRISM	SW780			FALSE
PRISM	SW837			FALSE
PRISM	SW900			FALSE
PRISM	SW948			FALSE
PRISM	T24			FALSE
PRISM	T3M-10			FALSE
PRISM	T-47D			FALSE
PRISM	T98G			FALSE
PRISM	TCC-PAN2			FALSE
PRISM	TCCSUP			FALSE
PRISM	TE-1			FALSE
PRISM	TE-10			FALSE
PRISM	TE-11			FALSE
PRISM	TE-14			FALSE
PRISM	TE-4			FALSE
PRISM	TE-5			FALSE
PRISM	TE-6			FALSE
PRISM	TE-8			FALSE
PRISM	TE-9			FALSE
PRISM	TEN			FALSE
PRISM	TM-31			FALSE
PRISM	Tm87-16			FALSE
PRISM	TOV-112D			FALSE
PRISM	TOV-21G			FALSE
PRISM	T.T			FALSE
PRISM	TT			FALSE
PRISM	TT2609-C02			FALSE
PRISM	TUHR4TKB			FALSE
PRISM	U-118MG			FALSE
PRISM	U-251MG			FALSE
PRISM	U2OS			FALSE
PRISM	UACC-257			FALSE
PRISM	UACC-62			FALSE
PRISM	U-BLC1			FALSE
PRISM	UM-UC-1			FALSE
PRISM	UO-31			FALSE
PRISM	VM-CUB-1			FALSE
PRISM	VMRC-RCW			FALSE
PRISM	VMRC-RCZ			FALSE
PRISM	WM1799			FALSE
PRISM	WM266-4			FALSE
PRISM	WM793			FALSE
PRISM	WM88			FALSE
PRISM	WM983B			FALSE
PRISM	YAPC			FALSE
PRISM	YD-10B			FALSE
PRISM	YD-15			FALSE
PRISM	YD-38			FALSE
PRISM	YD-8			FALSE
PRISM	YH-13			FALSE
PRISM	YKG-1			FALSE
PRISM	ZR-75-1			FALSE
