cell_line	canonical_atac_submission	depmap_id	depmap_subtype	cellosaurus_id	cellosaurus_disease	cellosaurus_issue	classification_source	evidence_url	figure2_primary_include	broad_nsclc_sensitivity_include	author_panel_reconstruction_include	decision
A427	DRA006908	ACH-000757	Non-Small Cell Lung Cancer (NSCLC), Adenocarcinoma	CVCL_1055	Lung adenocarcinoma		DepMap 22Q2 model annotation + embedded Cellosaurus fields	https://www.cellosaurus.org/CVCL_1055	TRUE	TRUE	TRUE	include_strict_LUAD
A549	DRA006909	ACH-000681	Non-Small Cell Lung Cancer (NSCLC), Adenocarcinoma	CVCL_0023	Lung adenocarcinoma		DepMap 22Q2 model annotation + embedded Cellosaurus fields	https://www.cellosaurus.org/CVCL_0023	TRUE	TRUE	TRUE	include_strict_LUAD
ABC-1	DRA006910	ACH-000528	Non-Small Cell Lung Cancer (NSCLC), Adenocarcinoma	CVCL_1066	Lung adenocarcinoma		DepMap 22Q2 model annotation + embedded Cellosaurus fields	https://www.cellosaurus.org/CVCL_1066	TRUE	TRUE	TRUE	include_strict_LUAD
H1299	DRA006912			CVCL_0060	Lung large cell carcinoma		Cellosaurus direct record	https://www.cellosaurus.org/CVCL_0060	FALSE	TRUE	TRUE	exclude_primary_include_broad_NSCLC_sensitivity
H1648	DRA006913	ACH-000766	Non-Small Cell Lung Cancer (NSCLC), Adenocarcinoma	CVCL_1482	Lung adenocarcinoma		DepMap 22Q2 model annotation + embedded Cellosaurus fields	https://www.cellosaurus.org/CVCL_1482	TRUE	TRUE	TRUE	include_strict_LUAD
H1650	DRA006914	ACH-000035	Non-Small Cell Lung Cancer (NSCLC), Adenocarcinoma	CVCL_1483	Minimally invasive lung adenocarcinoma		DepMap 22Q2 model annotation + embedded Cellosaurus fields	https://www.cellosaurus.org/CVCL_1483	TRUE	TRUE	TRUE	include_strict_LUAD
H1703	DRA006915	ACH-000747	Non-Small Cell Lung Cancer (NSCLC), Squamous Cell Carcinoma	CVCL_1490	Lung squamous cell carcinoma	Indicated to have a TP53 p.Glu285Lys (c.853G>A) mutation according to PubMed=1311061	DepMap 22Q2 model annotation + embedded Cellosaurus fields	https://www.cellosaurus.org/CVCL_1490	FALSE	FALSE	TRUE	exclude_LUSC
H1819	DRA006916	ACH-000033	Non-Small Cell Lung Cancer (NSCLC), Adenocarcinoma	CVCL_1497	Lung adenocarcinoma		DepMap 22Q2 model annotation + embedded Cellosaurus fields	https://www.cellosaurus.org/CVCL_1497	TRUE	TRUE	TRUE	include_strict_LUAD
H1975	DRA006917	ACH-000587	Non-Small Cell Lung Cancer (NSCLC), Adenocarcinoma	CVCL_1511	Lung adenocarcinoma		DepMap 22Q2 model annotation + embedded Cellosaurus fields	https://www.cellosaurus.org/CVCL_1511	TRUE	TRUE	TRUE	include_strict_LUAD
H2126	DRA006918	ACH-000785	Non-Small Cell Lung Cancer (NSCLC), Adenocarcinoma	CVCL_1532	Lung large cell carcinoma		DepMap 22Q2 model annotation + embedded Cellosaurus fields	https://www.cellosaurus.org/CVCL_1532	FALSE	TRUE	TRUE	exclude_primary_include_broad_NSCLC_sensitivity
H2228	DRA006919	ACH-000447	Non-Small Cell Lung Cancer (NSCLC), Adenocarcinoma	CVCL_1543	Lung adenocarcinoma		DepMap 22Q2 model annotation + embedded Cellosaurus fields	https://www.cellosaurus.org/CVCL_1543	TRUE	TRUE	TRUE	include_strict_LUAD
H2347	DRA006920	ACH-000875	Non-Small Cell Lung Cancer (NSCLC), Adenocarcinoma	CVCL_1550	Lung adenocarcinoma		DepMap 22Q2 model annotation + embedded Cellosaurus fields	https://www.cellosaurus.org/CVCL_1550	TRUE	TRUE	TRUE	include_strict_LUAD
H322	DRA006911	ACH-000837	Non-Small Cell Lung Cancer (NSCLC), Adenocarcinoma	CVCL_1556	Minimally invasive lung adenocarcinoma	We are not certain that NCI-H322 and NCI-H322M are identical	DepMap 22Q2 model annotation + embedded Cellosaurus fields	https://www.cellosaurus.org/CVCL_1556	TRUE	TRUE	TRUE	include_strict_LUAD
II-18	DRA006921			CVCL_6659	Lung adenocarcinoma		Cellosaurus direct record	https://www.cellosaurus.org/CVCL_6659	TRUE	TRUE	TRUE	include_strict_LUAD
LC2/ad	DRA006922			CVCL_1373	Lung adenocarcinoma		Cellosaurus direct record	https://www.cellosaurus.org/CVCL_1373	TRUE	TRUE	TRUE	include_strict_LUAD
PC-14	DRA006924	ACH-000030	Non-Small Cell Lung Cancer (NSCLC), Adenocarcinoma	CVCL_1640	Lung adenocarcinoma	TP53 mutation indicated incorrectly as being at c.742C>T in PubMed=10536175 and PubMed=20557307	DepMap 22Q2 model annotation + embedded Cellosaurus fields	https://www.cellosaurus.org/CVCL_1640	TRUE	TRUE	TRUE	include_strict_LUAD
PC-9	DRA006923	ACH-000779	Non-Small Cell Lung Cancer (NSCLC), Adenocarcinoma	CVCL_B260	Lung adenocarcinoma		DepMap 22Q2 model annotation + embedded Cellosaurus fields	https://www.cellosaurus.org/CVCL_B260	TRUE	TRUE	TRUE	include_strict_LUAD
RERF-LC-Ad1	DRA006925	ACH-000791	Non-Small Cell Lung Cancer (NSCLC), Adenocarcinoma	CVCL_1651	Lung adenocarcinoma		DepMap 22Q2 model annotation + embedded Cellosaurus fields	https://www.cellosaurus.org/CVCL_1651	TRUE	TRUE	TRUE	include_strict_LUAD
RERF-LC-Ad2	DRA006926	ACH-000774	Non-Small Cell Lung Cancer (NSCLC), Adenocarcinoma	CVCL_1652	Lung adenocarcinoma		DepMap 22Q2 model annotation + embedded Cellosaurus fields	https://www.cellosaurus.org/CVCL_1652	TRUE	TRUE	TRUE	include_strict_LUAD
RERF-LC-KJ	DRA006927	ACH-000482	Non-Small Cell Lung Cancer (NSCLC), Adenocarcinoma	CVCL_1654	Lung adenocarcinoma		DepMap 22Q2 model annotation + embedded Cellosaurus fields	https://www.cellosaurus.org/CVCL_1654	TRUE	TRUE	TRUE	include_strict_LUAD
RERF-LC-MS	DRA006928	ACH-000062	Non-Small Cell Lung Cancer (NSCLC), Adenocarcinoma	CVCL_1655	Lung adenocarcinoma		DepMap 22Q2 model annotation + embedded Cellosaurus fields	https://www.cellosaurus.org/CVCL_1655	TRUE	TRUE	TRUE	include_strict_LUAD
RERF-LC-OK	DRA006929			CVCL_3154	Astrocytoma	Contaminated; Marcus derivative; ICLAC-00344	Cellosaurus direct record	https://www.cellosaurus.org/CVCL_3154	FALSE	FALSE	TRUE	exclude_misidentified
VMRC-LCD	DRA006930			CVCL_1787	Lung adenocarcinoma		Cellosaurus direct record	https://www.cellosaurus.org/CVCL_1787	TRUE	TRUE	TRUE	include_strict_LUAD
