TF	discovery_category	externally_replicated
ARX	LUAD	TRUE
ATOH8	LUAD	TRUE
BCLAF3	LUAD	TRUE
CREB3L2	LUAD	TRUE
CREBRF	LUAD	TRUE
CRY2	LUAD	TRUE
DRGX	LUAD	TRUE
E2F5	LUAD	TRUE
ELF3	LUAD	TRUE
EPAS1	LUAD	TRUE
ESR1	LUAD	TRUE
ETV1	LUAD	TRUE
FOXA1	LUAD	TRUE
FOXA2	LUAD	TRUE
FOXA3	LUAD	TRUE
FOXD2	LUAD	TRUE
FOXP1	LUAD	TRUE
GATA5	LUAD	TRUE
HNF4G	LUAD	TRUE
HOPX	LUAD	TRUE
HOXD1	LUAD	TRUE
IKZF4	LUAD	TRUE
IRX3	LUAD	TRUE
JADE1	LUAD	TRUE
KANK2	LUAD	TRUE
KAT2B	LUAD	TRUE
LIMD1	LUAD	TRUE
LMO3	LUAD	TRUE
LPIN2	LUAD	TRUE
MAGED2	LUAD	TRUE
MDFIC	LUAD	TRUE
MEF2C	LUAD	TRUE
MSANTD1	LUAD	TRUE
MYRF	LUAD	TRUE
NCOA7	LUAD	TRUE
NFE2	LUAD	TRUE
NKX2-1	LUAD	TRUE
NOTO	LUAD	TRUE
NR0B2	LUAD	TRUE
NR1H4	LUAD	TRUE
NR2F1	LUAD	TRUE
NR3C2	LUAD	TRUE
ONECUT1	LUAD	TRUE
PHC2	LUAD	TRUE
PRDM16	LUAD	TRUE
PRDM8	LUAD	TRUE
RARA	LUAD	TRUE
RORC	LUAD	TRUE
SP5	LUAD	TRUE
SPDEF	LUAD	TRUE
TBX15	LUAD	TRUE
TBXT	LUAD	TRUE
TCF21	LUAD	TRUE
TFCP2L1	LUAD	TRUE
TOX3	LUAD	TRUE
VSX1	LUAD	TRUE
WWC1	LUAD	TRUE
WWC2	LUAD	TRUE
ZBTB10	LUAD	TRUE
ZBTB18	LUAD	TRUE
ZFHX2	LUAD	TRUE
ZFP2	LUAD	TRUE
ZNF117	LUAD	TRUE
ZNF141	LUAD	TRUE
ZNF19	LUAD	TRUE
ZNF214	LUAD	TRUE
ZNF239	LUAD	TRUE
ZNF254	LUAD	TRUE
ZNF281	LUAD	TRUE
ZNF33A	LUAD	TRUE
ZNF33B	LUAD	TRUE
ZNF382	LUAD	TRUE
ZNF396	LUAD	TRUE
ZNF429	LUAD	TRUE
ZNF441	LUAD	TRUE
ZNF467	LUAD	TRUE
ZNF483	LUAD	TRUE
ZNF486	LUAD	TRUE
ZNF493	LUAD	TRUE
ZNF540	LUAD	TRUE
ZNF597	LUAD	TRUE
ZNF608	LUAD	TRUE
ZNF620	LUAD	TRUE
ZNF671	LUAD	TRUE
ZNF678	LUAD	TRUE
ZNF681	LUAD	TRUE
ZNF69	LUAD	TRUE
ZNF717	LUAD	TRUE
ZNF737	LUAD	TRUE
ZNF75D	LUAD	TRUE
ZNF763	LUAD	TRUE
ZNF792	LUAD	TRUE
ZNF852	LUAD	TRUE
ZNF860	LUAD	TRUE
ZSCAN16	LUAD	TRUE
ACTL6A	LUSC	TRUE
AEBP2	LUSC	TRUE
ANKRD2	LUSC	TRUE
ARNTL2	LUSC	TRUE
ATAD2	LUSC	TRUE
BACH2	LUSC	TRUE
BCL11A	LUSC	TRUE
BCL11B	LUSC	TRUE
BNC1	LUSC	TRUE
BRD4	LUSC	TRUE
CEBPG	LUSC	TRUE
DLX1	LUSC	TRUE
DLX2	LUSC	TRUE
DLX5	LUSC	TRUE
DLX6	LUSC	TRUE
DMRT2	LUSC	TRUE
DNAJB1	LUSC	TRUE
DNMT3B	LUSC	TRUE
DPF1	LUSC	TRUE
E2F2	LUSC	TRUE
E2F7	LUSC	TRUE
ELF4	LUSC	TRUE
EN1	LUSC	TRUE
ERF	LUSC	TRUE
FOSL1	LUSC	TRUE
FOSL2	LUSC	TRUE
FOXD1	LUSC	TRUE
FOXE1	LUSC	TRUE
FOXL2	LUSC	TRUE
FOXM1	LUSC	TRUE
FOXN1	LUSC	TRUE
GBX2	LUSC	TRUE
GLI2	LUSC	TRUE
GRHL3	LUSC	TRUE
HDAC1	LUSC	TRUE
HDAC2	LUSC	TRUE
HDGFL3	LUSC	TRUE
HES2	LUSC	TRUE
HIF1A	LUSC	TRUE
HMGA1	LUSC	TRUE
HMX2	LUSC	TRUE
HOXA1	LUSC	TRUE
HOXA7	LUSC	TRUE
HOXC13	LUSC	TRUE
HOXD10	LUSC	TRUE
HOXD11	LUSC	TRUE
HOXD13	LUSC	TRUE
HR	LUSC	TRUE
IRF6	LUSC	TRUE
ISL2	LUSC	TRUE
JUP	LUSC	TRUE
KCTD1	LUSC	TRUE
KDM3A	LUSC	TRUE
KLF4	LUSC	TRUE
KLF5	LUSC	TRUE
KMT5A	LUSC	TRUE
LEF1	LUSC	TRUE
LHX2	LUSC	TRUE
LHX5	LUSC	TRUE
LIN9	LUSC	TRUE
LMO4	LUSC	TRUE
MAGEA11	LUSC	TRUE
MAGEA4	LUSC	TRUE
MAGEB6	LUSC	TRUE
MAGEF1	LUSC	TRUE
MAMSTR	LUSC	TRUE
MED10	LUSC	TRUE
MED12L	LUSC	TRUE
MLF1	LUSC	TRUE
MLF2	LUSC	TRUE
MLIP	LUSC	TRUE
MLLT11	LUSC	TRUE
MRGBP	LUSC	TRUE
MSGN1	LUSC	TRUE
MTA2	LUSC	TRUE
MXD1	LUSC	TRUE
MYBL2	LUSC	TRUE
MYC	LUSC	TRUE
MYNN	LUSC	TRUE
MYOD1	LUSC	TRUE
NAB1	LUSC	TRUE
NEUROD2	LUSC	TRUE
NFE2L1	LUSC	TRUE
NFE2L2	LUSC	TRUE
NFIL3	LUSC	TRUE
NKX2-5	LUSC	TRUE
NKX3-1	LUSC	TRUE
ONECUT3	LUSC	TRUE
OTX1	LUSC	TRUE
OTX2	LUSC	TRUE
OVOL3	LUSC	TRUE
PAX3	LUSC	TRUE
PAX6	LUSC	TRUE
PITX1	LUSC	TRUE
PLAGL2	LUSC	TRUE
POU3F1	LUSC	TRUE
POU6F2	LUSC	TRUE
PPARGC1B	LUSC	TRUE
PTMS	LUSC	TRUE
RARB	LUSC	TRUE
RARG	LUSC	TRUE
RIPPLY2	LUSC	TRUE
RPS6KA5	LUSC	TRUE
RUVBL1	LUSC	TRUE
SCML2	LUSC	TRUE
SHOX2	LUSC	TRUE
SMAD3	LUSC	TRUE
SMARCB1	LUSC	TRUE
SNAI2	LUSC	TRUE
SOHLH1	LUSC	TRUE
SOX15	LUSC	TRUE
SOX2	LUSC	TRUE
SPINDOC	LUSC	TRUE
STOX2	LUSC	TRUE
TBL1XR1	LUSC	TRUE
TBX3	LUSC	TRUE
TCF15	LUSC	TRUE
TCF20	LUSC	TRUE
TCF24	LUSC	TRUE
TCF4	LUSC	TRUE
TEAD4	LUSC	TRUE
TESMIN	LUSC	TRUE
TET3	LUSC	TRUE
TFAP2A	LUSC	TRUE
TFAP2B	LUSC	TRUE
TFAP2C	LUSC	TRUE
TFDP2	LUSC	TRUE
TP63	LUSC	TRUE
TP73	LUSC	TRUE
TRIM28	LUSC	TRUE
TRO	LUSC	TRUE
TRPS1	LUSC	TRUE
TSHZ2	LUSC	TRUE
VAX1	LUSC	TRUE
VAX2	LUSC	TRUE
WDR75	LUSC	TRUE
YEATS2	LUSC	TRUE
ZBTB7C	LUSC	TRUE
ZFP64	LUSC	TRUE
ZIC5	LUSC	TRUE
ZNF280A	LUSC	TRUE
ZNF280C	LUSC	TRUE
ZNF343	LUSC	TRUE
ZNF367	LUSC	TRUE
ZNF436	LUSC	TRUE
ZNF530	LUSC	TRUE
ZNF556	LUSC	TRUE
ZNF639	LUSC	TRUE
ZNF703	LUSC	TRUE
ZNF77	LUSC	TRUE
ZNF770	LUSC	TRUE
