system	sample_id	sample_slug	source_peak_path	source_input_rows	noncanonical_or_invalid_removed	blacklist_removed	non_acgt_removed	harmonized_200bp_unique_peaks	cell_line_arm_matching_floor	motif_matchable	nonmatchable_reason	matched_peak_count	original_gc_mean	original_gc_sd	matched_gc_mean	matched_gc_sd	matched_target_path	matched_target_sha256
patient	TCGA-44-3918	TCGA-44-3918	/media/desk16/iy13202/projects/Paper2Paper/tmp/tnbc-chromatin-tf-nc-2026/luad-figure2/data/processed/tcga_luad/sample_peaks/cpm1_both_technical_replicates/TCGA-44-3918.bed.gz	124981	0	756	0	124225	4491	TRUE	MATCHABLE	3584	0.5441612396860536	0.10656761380498135	0.6323088727678572	0.09157517446078926	/media/desk16/iy13202/projects/Paper2Paper/tmp/tnbc-chromatin-tf-nc-2026/luad-figure2/data/processed/motif_equivalence/harmonized_200bp/targets/patient.TCGA-44-3918.bed	8bf6652c6d218c6245d43e803971edabc6d3c30c82a0f90bd8e09441537fc954
patient	TCGA-44-6146	TCGA-44-6146	/media/desk16/iy13202/projects/Paper2Paper/tmp/tnbc-chromatin-tf-nc-2026/luad-figure2/data/processed/tcga_luad/sample_peaks/cpm1_both_technical_replicates/TCGA-44-6146.bed.gz	109236	0	655	0	108581	4491	TRUE	MATCHABLE	3584	0.5470626536871092	0.11043621817689764	0.6324246651785714	0.09159842003191568	/media/desk16/iy13202/projects/Paper2Paper/tmp/tnbc-chromatin-tf-nc-2026/luad-figure2/data/processed/motif_equivalence/harmonized_200bp/targets/patient.TCGA-44-6146.bed	13e9b77390113379074e1e31f6edd550fa38535a0b00f7afd1e700ffa7be35d1
patient	TCGA-44-A47F	TCGA-44-A47F	/media/desk16/iy13202/projects/Paper2Paper/tmp/tnbc-chromatin-tf-nc-2026/luad-figure2/data/processed/tcga_luad/sample_peaks/cpm1_both_technical_replicates/TCGA-44-A47F.bed.gz	102342	0	553	0	101789	4491	TRUE	MATCHABLE	3584	0.5460751652929099	0.11272776188684024	0.632451171875	0.0913751152027411	/media/desk16/iy13202/projects/Paper2Paper/tmp/tnbc-chromatin-tf-nc-2026/luad-figure2/data/processed/motif_equivalence/harmonized_200bp/targets/patient.TCGA-44-A47F.bed	a564eeb0a1576d95040f3ad02b14f966e6d25fac612354889217d1b495f97db2
patient	TCGA-49-AARO	TCGA-49-AARO	/media/desk16/iy13202/projects/Paper2Paper/tmp/tnbc-chromatin-tf-nc-2026/luad-figure2/data/processed/tcga_luad/sample_peaks/cpm1_both_technical_replicates/TCGA-49-AARO.bed.gz	127216	0	745	0	126471	4491	TRUE	MATCHABLE	3584	0.5400003953475501	0.10784701866006378	0.6320563616071428	0.09171997765507693	/media/desk16/iy13202/projects/Paper2Paper/tmp/tnbc-chromatin-tf-nc-2026/luad-figure2/data/processed/motif_equivalence/harmonized_200bp/targets/patient.TCGA-49-AARO.bed	3e5422af918b7ad2c5d1a1468f49da4bbaf4a911f34d1e28f6794fc6c8a359bf
patient	TCGA-4B-A93V	TCGA-4B-A93V	/media/desk16/iy13202/projects/Paper2Paper/tmp/tnbc-chromatin-tf-nc-2026/luad-figure2/data/processed/tcga_luad/sample_peaks/cpm1_both_technical_replicates/TCGA-4B-A93V.bed.gz	125496	0	700	0	124796	4491	TRUE	MATCHABLE	3584	0.5388483605243758	0.10901189069845724	0.6321554129464285	0.09210775066723102	/media/desk16/iy13202/projects/Paper2Paper/tmp/tnbc-chromatin-tf-nc-2026/luad-figure2/data/processed/motif_equivalence/harmonized_200bp/targets/patient.TCGA-4B-A93V.bed	f50a255677859d2ff15102cc9ae963058762560d1414adf85b657aaeba7b6803
patient	TCGA-73-A9RS	TCGA-73-A9RS	/media/desk16/iy13202/projects/Paper2Paper/tmp/tnbc-chromatin-tf-nc-2026/luad-figure2/data/processed/tcga_luad/sample_peaks/cpm1_both_technical_replicates/TCGA-73-A9RS.bed.gz	103291	0	606	0	102685	4491	TRUE	MATCHABLE	3584	0.5486309587573648	0.11226103163460453	0.6320075334821429	0.0917368385311652	/media/desk16/iy13202/projects/Paper2Paper/tmp/tnbc-chromatin-tf-nc-2026/luad-figure2/data/processed/motif_equivalence/harmonized_200bp/targets/patient.TCGA-73-A9RS.bed	ef72162b24aee808eb27456477e4e273d304a03cb8afbb0d828f633b301e4560
patient	TCGA-86-A4D0	TCGA-86-A4D0	/media/desk16/iy13202/projects/Paper2Paper/tmp/tnbc-chromatin-tf-nc-2026/luad-figure2/data/processed/tcga_luad/sample_peaks/cpm1_both_technical_replicates/TCGA-86-A4D0.bed.gz	107825	0	625	0	107200	4491	TRUE	MATCHABLE	3584	0.5472808768656716	0.11020132749684519	0.6327329799107143	0.09166103526329918	/media/desk16/iy13202/projects/Paper2Paper/tmp/tnbc-chromatin-tf-nc-2026/luad-figure2/data/processed/motif_equivalence/harmonized_200bp/targets/patient.TCGA-86-A4D0.bed	0c75e261c610288ba5110e9e44bc0e66b6cacd85fdea042cb96ac646b75c513b
patient	TCGA-86-A4P7	TCGA-86-A4P7	/media/desk16/iy13202/projects/Paper2Paper/tmp/tnbc-chromatin-tf-nc-2026/luad-figure2/data/processed/tcga_luad/sample_peaks/cpm1_both_technical_replicates/TCGA-86-A4P7.bed.gz	107212	0	635	0	106577	4491	TRUE	MATCHABLE	3584	0.5457547594696792	0.11213324567049454	0.6322251674107143	0.09199598643755767	/media/desk16/iy13202/projects/Paper2Paper/tmp/tnbc-chromatin-tf-nc-2026/luad-figure2/data/processed/motif_equivalence/harmonized_200bp/targets/patient.TCGA-86-A4P7.bed	0409c4d5e0de8cc4d7715a4c34cf1baea0a784aff0d9039e083887331364f0e2
patient	TCGA-86-A4P8	TCGA-86-A4P8	/media/desk16/iy13202/projects/Paper2Paper/tmp/tnbc-chromatin-tf-nc-2026/luad-figure2/data/processed/tcga_luad/sample_peaks/cpm1_both_technical_replicates/TCGA-86-A4P8.bed.gz	105299	0	624	0	104675	4491	TRUE	MATCHABLE	3584	0.5495553857176977	0.11053479255181992	0.6325125558035715	0.09148758123878467	/media/desk16/iy13202/projects/Paper2Paper/tmp/tnbc-chromatin-tf-nc-2026/luad-figure2/data/processed/motif_equivalence/harmonized_200bp/targets/patient.TCGA-86-A4P8.bed	442c272a8204796b76630157988304d67730ee7d290ed3bc5a2ed98cdcd767de
patient	TCGA-91-A4BC	TCGA-91-A4BC	/media/desk16/iy13202/projects/Paper2Paper/tmp/tnbc-chromatin-tf-nc-2026/luad-figure2/data/processed/tcga_luad/sample_peaks/cpm1_both_technical_replicates/TCGA-91-A4BC.bed.gz	119884	0	701	0	119183	4491	TRUE	MATCHABLE	3584	0.5439643237710076	0.10814694182232358	0.6323995535714285	0.09174281951649631	/media/desk16/iy13202/projects/Paper2Paper/tmp/tnbc-chromatin-tf-nc-2026/luad-figure2/data/processed/motif_equivalence/harmonized_200bp/targets/patient.TCGA-91-A4BC.bed	52118936fc0fecf38ba22bc8f19929e1f2348a51efed3fba92cd9775e2a2aa3c
patient	TCGA-91-A4BD	TCGA-91-A4BD	/media/desk16/iy13202/projects/Paper2Paper/tmp/tnbc-chromatin-tf-nc-2026/luad-figure2/data/processed/tcga_luad/sample_peaks/cpm1_both_technical_replicates/TCGA-91-A4BD.bed.gz	112203	0	679	0	111524	4491	TRUE	MATCHABLE	3584	0.5471143431010366	0.10988993754803957	0.63275390625	0.0916476611297025	/media/desk16/iy13202/projects/Paper2Paper/tmp/tnbc-chromatin-tf-nc-2026/luad-figure2/data/processed/motif_equivalence/harmonized_200bp/targets/patient.TCGA-91-A4BD.bed	226cb22174e9fd9ddd466728332886c7532058a18a3b3c567dfb3919311bdec2
patient	TCGA-93-A4JN	TCGA-93-A4JN	/media/desk16/iy13202/projects/Paper2Paper/tmp/tnbc-chromatin-tf-nc-2026/luad-figure2/data/processed/tcga_luad/sample_peaks/cpm1_both_technical_replicates/TCGA-93-A4JN.bed.gz	107507	0	615	0	106892	4491	TRUE	MATCHABLE	3584	0.5456985087752124	0.1117178964230498	0.6325655691964286	0.09189448680494802	/media/desk16/iy13202/projects/Paper2Paper/tmp/tnbc-chromatin-tf-nc-2026/luad-figure2/data/processed/motif_equivalence/harmonized_200bp/targets/patient.TCGA-93-A4JN.bed	e72ec3fa3819a87b4cab035d5139bad96c20f30cbc1e33ed2355ce9ddf9881a4
patient	TCGA-93-A4JO	TCGA-93-A4JO	/media/desk16/iy13202/projects/Paper2Paper/tmp/tnbc-chromatin-tf-nc-2026/luad-figure2/data/processed/tcga_luad/sample_peaks/cpm1_both_technical_replicates/TCGA-93-A4JO.bed.gz	123222	0	720	0	122502	4491	TRUE	MATCHABLE	3584	0.541154960735335	0.10911637684050808	0.6322516741071429	0.09194084586201264	/media/desk16/iy13202/projects/Paper2Paper/tmp/tnbc-chromatin-tf-nc-2026/luad-figure2/data/processed/motif_equivalence/harmonized_200bp/targets/patient.TCGA-93-A4JO.bed	bc81c44efa632a2bc1e61de61de168cf5d50c7fcd22c941e053d4e6f2749e2cc
patient	TCGA-93-A4JQ	TCGA-93-A4JQ	/media/desk16/iy13202/projects/Paper2Paper/tmp/tnbc-chromatin-tf-nc-2026/luad-figure2/data/processed/tcga_luad/sample_peaks/cpm1_both_technical_replicates/TCGA-93-A4JQ.bed.gz	132075	0	761	0	131314	4491	TRUE	MATCHABLE	3584	0.5379054403947789	0.10741433282615347	0.6323883928571429	0.09204597998956021	/media/desk16/iy13202/projects/Paper2Paper/tmp/tnbc-chromatin-tf-nc-2026/luad-figure2/data/processed/motif_equivalence/harmonized_200bp/targets/patient.TCGA-93-A4JQ.bed	784ab68d04b8dc303b0fa08aa79cab8b0a1b96d4070a9c67aac18474eb05653e
patient	TCGA-L4-A4E6	TCGA-L4-A4E6	/media/desk16/iy13202/projects/Paper2Paper/tmp/tnbc-chromatin-tf-nc-2026/luad-figure2/data/processed/tcga_luad/sample_peaks/cpm1_both_technical_replicates/TCGA-L4-A4E6.bed.gz	114032	0	691	0	113341	4491	TRUE	MATCHABLE	3584	0.5462370192604618	0.10886857716181059	0.6326102120535714	0.09186665788512074	/media/desk16/iy13202/projects/Paper2Paper/tmp/tnbc-chromatin-tf-nc-2026/luad-figure2/data/processed/motif_equivalence/harmonized_200bp/targets/patient.TCGA-L4-A4E6.bed	5d36873c696ab56c627379b4aa190d981705f42a412ad43d115a445e1abae041
patient	TCGA-L9-A8F4	TCGA-L9-A8F4	/media/desk16/iy13202/projects/Paper2Paper/tmp/tnbc-chromatin-tf-nc-2026/luad-figure2/data/processed/tcga_luad/sample_peaks/cpm1_both_technical_replicates/TCGA-L9-A8F4.bed.gz	114402	0	709	0	113693	4491	TRUE	MATCHABLE	3584	0.5484951580132462	0.1082069642970252	0.6322349330357143	0.09131181887516072	/media/desk16/iy13202/projects/Paper2Paper/tmp/tnbc-chromatin-tf-nc-2026/luad-figure2/data/processed/motif_equivalence/harmonized_200bp/targets/patient.TCGA-L9-A8F4.bed	719b7b67222ae6820e7315710680a3711d67592b2e272e42c78802d9fa876077
patient	TCGA-MP-A4SV	TCGA-MP-A4SV	/media/desk16/iy13202/projects/Paper2Paper/tmp/tnbc-chromatin-tf-nc-2026/luad-figure2/data/processed/tcga_luad/sample_peaks/cpm1_both_technical_replicates/TCGA-MP-A4SV.bed.gz	130058	0	757	0	129301	4491	TRUE	MATCHABLE	3584	0.538695292379796	0.10779372097939936	0.6323032924107143	0.09158041834843471	/media/desk16/iy13202/projects/Paper2Paper/tmp/tnbc-chromatin-tf-nc-2026/luad-figure2/data/processed/motif_equivalence/harmonized_200bp/targets/patient.TCGA-MP-A4SV.bed	943d72336a550f1abfca506536b80a20e5d5bdfb8cf1cfe3de474236dde8db31
patient	TCGA-MP-A4T4	TCGA-MP-A4T4	/media/desk16/iy13202/projects/Paper2Paper/tmp/tnbc-chromatin-tf-nc-2026/luad-figure2/data/processed/tcga_luad/sample_peaks/cpm1_both_technical_replicates/TCGA-MP-A4T4.bed.gz	127386	0	750	0	126636	4491	TRUE	MATCHABLE	3584	0.542160088758331	0.10676296084149406	0.6324148995535714	0.09209858612351077	/media/desk16/iy13202/projects/Paper2Paper/tmp/tnbc-chromatin-tf-nc-2026/luad-figure2/data/processed/motif_equivalence/harmonized_200bp/targets/patient.TCGA-MP-A4T4.bed	027d99162c189bb932a26a3b55b862efc1d9fe72ff304c9f4996ffa81a50c137
patient	TCGA-MP-A4T7	TCGA-MP-A4T7	/media/desk16/iy13202/projects/Paper2Paper/tmp/tnbc-chromatin-tf-nc-2026/luad-figure2/data/processed/tcga_luad/sample_peaks/cpm1_both_technical_replicates/TCGA-MP-A4T7.bed.gz	110429	0	677	0	109752	4491	TRUE	MATCHABLE	3584	0.5492893979153	0.10913180097058699	0.6322977120535714	0.09140856352572624	/media/desk16/iy13202/projects/Paper2Paper/tmp/tnbc-chromatin-tf-nc-2026/luad-figure2/data/processed/motif_equivalence/harmonized_200bp/targets/patient.TCGA-MP-A4T7.bed	1cbb2786631e61b659f7ebc9c5463392eec64d93eef17ce09f5f11ae04afef03
patient	TCGA-MP-A4TE	TCGA-MP-A4TE	/media/desk16/iy13202/projects/Paper2Paper/tmp/tnbc-chromatin-tf-nc-2026/luad-figure2/data/processed/tcga_luad/sample_peaks/cpm1_both_technical_replicates/TCGA-MP-A4TE.bed.gz	112012	0	629	0	111383	4491	TRUE	MATCHABLE	3584	0.5451150983543269	0.10914391390258947	0.6324581473214286	0.091574983489116	/media/desk16/iy13202/projects/Paper2Paper/tmp/tnbc-chromatin-tf-nc-2026/luad-figure2/data/processed/motif_equivalence/harmonized_200bp/targets/patient.TCGA-MP-A4TE.bed	5cc200994b98b1bb3a7c1c98429b869018803beb62b288445125942f5d04ee81
patient	TCGA-MP-A4TF	TCGA-MP-A4TF	/media/desk16/iy13202/projects/Paper2Paper/tmp/tnbc-chromatin-tf-nc-2026/luad-figure2/data/processed/tcga_luad/sample_peaks/cpm1_both_technical_replicates/TCGA-MP-A4TF.bed.gz	119610	0	713	0	118897	4491	TRUE	MATCHABLE	3584	0.5425951453779322	0.10938062963176007	0.6322712053571429	0.0921618644568037	/media/desk16/iy13202/projects/Paper2Paper/tmp/tnbc-chromatin-tf-nc-2026/luad-figure2/data/processed/motif_equivalence/harmonized_200bp/targets/patient.TCGA-MP-A4TF.bed	2863473244880abc6c01a59106fddd7afa835ac541d7e462ad13dfae06390a45
patient	TCGA-NJ-A4YG	TCGA-NJ-A4YG	/media/desk16/iy13202/projects/Paper2Paper/tmp/tnbc-chromatin-tf-nc-2026/luad-figure2/data/processed/tcga_luad/sample_peaks/cpm1_both_technical_replicates/TCGA-NJ-A4YG.bed.gz	125341	0	718	0	124623	4491	TRUE	MATCHABLE	3584	0.5393069497604775	0.1086100746400603	0.632353515625	0.09162749566571564	/media/desk16/iy13202/projects/Paper2Paper/tmp/tnbc-chromatin-tf-nc-2026/luad-figure2/data/processed/motif_equivalence/harmonized_200bp/targets/patient.TCGA-NJ-A4YG.bed	72592fc5b6f20227a5945b8dbbf36e0bfb513e318ae63d988da98753b711bdfd
PDX	MGH10022	MGH10022	/media/desk16/iy13202/projects/Paper2Paper/tmp/tnbc-chromatin-tf-nc-2026/luad-figure2/data/processed/raw_atac/PDX/MGH10022/peaks/MGH10022_peaks.narrowPeak	44178	44	1	0	44133	4491	TRUE	MATCHABLE	3584	0.5739473863095643	0.11984640033227327	0.633037109375	0.0920175735115193	/media/desk16/iy13202/projects/Paper2Paper/tmp/tnbc-chromatin-tf-nc-2026/luad-figure2/data/processed/motif_equivalence/harmonized_200bp/targets/PDX.MGH10022.bed	4113f8afa25bf21d5b06727e8f82dd9c40ae798298286b7a1577327d8000b527
PDX	MGH1062	MGH1062	/media/desk16/iy13202/projects/Paper2Paper/tmp/tnbc-chromatin-tf-nc-2026/luad-figure2/data/processed/raw_atac/PDX/MGH1062/peaks/MGH1062_peaks.narrowPeak	9200	12	0	0	9188	4491	TRUE	MATCHABLE	3584	0.6618709185894646	0.09564760416533882	0.6343317522321429	0.0910565840112386	/media/desk16/iy13202/projects/Paper2Paper/tmp/tnbc-chromatin-tf-nc-2026/luad-figure2/data/processed/motif_equivalence/harmonized_200bp/targets/PDX.MGH1062.bed	b370df4cd8015015d3730e0dea4f13219eb2b390ab1714160f746db8ba8b574f
PDX	MGH1065	MGH1065	/media/desk16/iy13202/projects/Paper2Paper/tmp/tnbc-chromatin-tf-nc-2026/luad-figure2/data/processed/raw_atac/PDX/MGH1065/peaks/MGH1065_peaks.narrowPeak	13	13	0	0	0	4491	FALSE	FEWER_THAN_COMPLETE_CELL_LINE_ARM_MINIMUM_4491_PEAKS	0	nan	nan	nan	nan	/media/desk16/iy13202/projects/Paper2Paper/tmp/tnbc-chromatin-tf-nc-2026/luad-figure2/data/processed/motif_equivalence/harmonized_200bp/targets/PDX.MGH1065.bed	e3b0c44298fc1c149afbf4c8996fb92427ae41e4649b934ca495991b7852b855
PDX	MGH1068	MGH1068	/media/desk16/iy13202/projects/Paper2Paper/tmp/tnbc-chromatin-tf-nc-2026/luad-figure2/data/processed/raw_atac/PDX/MGH1068/peaks/MGH1068_peaks.narrowPeak	21187	23	0	1	21163	4491	TRUE	MATCHABLE	3584	0.6190896848272929	0.10194200352319362	0.6331403459821429	0.09067129421937249	/media/desk16/iy13202/projects/Paper2Paper/tmp/tnbc-chromatin-tf-nc-2026/luad-figure2/data/processed/motif_equivalence/harmonized_200bp/targets/PDX.MGH1068.bed	116bc7b9d8db9846d8fab85a347e31c19a9587050d67c88642c974176b89b3fb
PDX	MGH1089	MGH1089	/media/desk16/iy13202/projects/Paper2Paper/tmp/tnbc-chromatin-tf-nc-2026/luad-figure2/data/processed/raw_atac/PDX/MGH1089/peaks/MGH1089_peaks.narrowPeak	9443	18	0	0	9425	4491	TRUE	MATCHABLE	3584	0.6731124668435013	0.08363072220205144	0.634345703125	0.09065007453887138	/media/desk16/iy13202/projects/Paper2Paper/tmp/tnbc-chromatin-tf-nc-2026/luad-figure2/data/processed/motif_equivalence/harmonized_200bp/targets/PDX.MGH1089.bed	35b0cc5acf47dc2de2b6ab888250e52adb4785c8214e704459fb24ac593e510b
PDX	MGH1109	MGH1109	/media/desk16/iy13202/projects/Paper2Paper/tmp/tnbc-chromatin-tf-nc-2026/luad-figure2/data/processed/raw_atac/PDX/MGH1109/peaks/MGH1109_peaks.narrowPeak	11654	11	1	0	11642	4491	TRUE	MATCHABLE	3584	0.6449145335852946	0.10070731640146029	0.63396484375	0.09107609340998218	/media/desk16/iy13202/projects/Paper2Paper/tmp/tnbc-chromatin-tf-nc-2026/luad-figure2/data/processed/motif_equivalence/harmonized_200bp/targets/PDX.MGH1109.bed	6a016144929dadb0052cb9a041936a132863ca2babefd4f872de78c18047ea80
PDX	MGH1112	MGH1112	/media/desk16/iy13202/projects/Paper2Paper/tmp/tnbc-chromatin-tf-nc-2026/luad-figure2/data/processed/raw_atac/PDX/MGH1112/peaks/MGH1112_peaks.narrowPeak	17757	31	0	0	17726	4491	TRUE	MATCHABLE	3584	0.6292781789461808	0.10653636269194638	0.6334835379464285	0.09160200425950261	/media/desk16/iy13202/projects/Paper2Paper/tmp/tnbc-chromatin-tf-nc-2026/luad-figure2/data/processed/motif_equivalence/harmonized_200bp/targets/PDX.MGH1112.bed	4ac17a8fbde2e4ccf12a249f49ab31a672a9e3c9ab7d57949a0f0361483e2d39
PDX	MGH1139	MGH1139	/media/desk16/iy13202/projects/Paper2Paper/tmp/tnbc-chromatin-tf-nc-2026/luad-figure2/data/processed/raw_atac/PDX/MGH1139/peaks/MGH1139_peaks.narrowPeak	6547	14	0	0	6533	4491	TRUE	MATCHABLE	3584	0.6457477422317465	0.09303308112308185	0.6339969308035714	0.0907157319300125	/media/desk16/iy13202/projects/Paper2Paper/tmp/tnbc-chromatin-tf-nc-2026/luad-figure2/data/processed/motif_equivalence/harmonized_200bp/targets/PDX.MGH1139.bed	4caf6fd458e7fb573c7d0ea12971fe4d89b3ed078f9582e329c528166aca7666
PDX	MGH1157	MGH1157	/media/desk16/iy13202/projects/Paper2Paper/tmp/tnbc-chromatin-tf-nc-2026/luad-figure2/data/processed/raw_atac/PDX/MGH1157/peaks/MGH1157_peaks.narrowPeak	88	8	0	0	80	4491	FALSE	FEWER_THAN_COMPLETE_CELL_LINE_ARM_MINIMUM_4491_PEAKS	0	0.679	0.09642808200933999	nan	nan	/media/desk16/iy13202/projects/Paper2Paper/tmp/tnbc-chromatin-tf-nc-2026/luad-figure2/data/processed/motif_equivalence/harmonized_200bp/targets/PDX.MGH1157.bed	e3b0c44298fc1c149afbf4c8996fb92427ae41e4649b934ca495991b7852b855
PDX	MGH1174	MGH1174	/media/desk16/iy13202/projects/Paper2Paper/tmp/tnbc-chromatin-tf-nc-2026/luad-figure2/data/processed/raw_atac/PDX/MGH1174/peaks/MGH1174_peaks.narrowPeak	7277	15	1	0	7261	4491	TRUE	MATCHABLE	3584	0.6664984161961163	0.08633340282234195	0.6343275669642857	0.09068275474377487	/media/desk16/iy13202/projects/Paper2Paper/tmp/tnbc-chromatin-tf-nc-2026/luad-figure2/data/processed/motif_equivalence/harmonized_200bp/targets/PDX.MGH1174.bed	72f4d830dc95c3603f8011a12f2d31bc074830e37814981d32cfcdbe4a25471a
PDX	MGH1181	MGH1181	/media/desk16/iy13202/projects/Paper2Paper/tmp/tnbc-chromatin-tf-nc-2026/luad-figure2/data/processed/raw_atac/PDX/MGH1181/peaks/MGH1181_peaks.narrowPeak	17106	35	0	1	17070	4491	TRUE	MATCHABLE	3584	0.6292586408904511	0.10714769878827107	0.6338323102678571	0.09138114081022809	/media/desk16/iy13202/projects/Paper2Paper/tmp/tnbc-chromatin-tf-nc-2026/luad-figure2/data/processed/motif_equivalence/harmonized_200bp/targets/PDX.MGH1181.bed	09f8093a11e45763b39ea61ea24c7f7687f8be25942ba11a9d0fe4641b9e50bb
PDX	MGH9183	MGH9183	/media/desk16/iy13202/projects/Paper2Paper/tmp/tnbc-chromatin-tf-nc-2026/luad-figure2/data/processed/raw_atac/PDX/MGH9183/peaks/MGH9183_peaks.narrowPeak	14006	18	0	0	13988	4491	TRUE	MATCHABLE	3584	0.6540663425793537	0.09231275107799317	0.6342354910714286	0.0908553956267375	/media/desk16/iy13202/projects/Paper2Paper/tmp/tnbc-chromatin-tf-nc-2026/luad-figure2/data/processed/motif_equivalence/harmonized_200bp/targets/PDX.MGH9183.bed	4b956d084b707f980a6ecc19e17d37f4e3148c924591bc1d0cc8497499d68bc6
PDX	MGH9243	MGH9243	/media/desk16/iy13202/projects/Paper2Paper/tmp/tnbc-chromatin-tf-nc-2026/luad-figure2/data/processed/raw_atac/PDX/MGH9243/peaks/MGH9243_peaks.narrowPeak	0	0	0	0	0	4491	FALSE	FEWER_THAN_COMPLETE_CELL_LINE_ARM_MINIMUM_4491_PEAKS	0	nan	nan	nan	nan	/media/desk16/iy13202/projects/Paper2Paper/tmp/tnbc-chromatin-tf-nc-2026/luad-figure2/data/processed/motif_equivalence/harmonized_200bp/targets/PDX.MGH9243.bed	e3b0c44298fc1c149afbf4c8996fb92427ae41e4649b934ca495991b7852b855
cell_line	A427	A427	/media/desk16/iy13202/projects/Paper2Paper/tmp/tnbc-chromatin-tf-nc-2026/luad-figure2/data/processed/raw_atac/cell_line/A427/peaks/A427_peaks.narrowPeak	12316	22	0	1	12293	4491	TRUE	MATCHABLE	3584	0.6347803628081021	0.10767168529757473	0.6335435267857142	0.09115500377138812	/media/desk16/iy13202/projects/Paper2Paper/tmp/tnbc-chromatin-tf-nc-2026/luad-figure2/data/processed/motif_equivalence/harmonized_200bp/targets/cell_line.A427.bed	03c62d39e10a02aca847be7e1de30b44f1c5428db23dd07fb997910ed42bd5ef
cell_line	A549	A549	/media/desk16/iy13202/projects/Paper2Paper/tmp/tnbc-chromatin-tf-nc-2026/luad-figure2/data/processed/raw_atac/cell_line/A549/peaks/A549_peaks.narrowPeak	11364	34	0	1	11329	4491	TRUE	MATCHABLE	3584	0.6074454938653014	0.10340998286327421	0.6331068638392857	0.09101820496979396	/media/desk16/iy13202/projects/Paper2Paper/tmp/tnbc-chromatin-tf-nc-2026/luad-figure2/data/processed/motif_equivalence/harmonized_200bp/targets/cell_line.A549.bed	6999f4dc75ec3412f7ee49c24fba8ec9159ebe50ba86f38d456d7235693df916
cell_line	ABC-1	ABC-1	/media/desk16/iy13202/projects/Paper2Paper/tmp/tnbc-chromatin-tf-nc-2026/luad-figure2/data/processed/raw_atac/cell_line/ABC-1/peaks/ABC-1_peaks.narrowPeak	11453	14	1	0	11438	4491	TRUE	MATCHABLE	3584	0.5789303199860115	0.11934845541018856	0.6328111049107142	0.09151190569197751	/media/desk16/iy13202/projects/Paper2Paper/tmp/tnbc-chromatin-tf-nc-2026/luad-figure2/data/processed/motif_equivalence/harmonized_200bp/targets/cell_line.ABC-1.bed	00c7d8a54add1223c276268e00321014ca335e5ec7f1d27fbbf67a0318b542bc
cell_line	H1648	H1648	/media/desk16/iy13202/projects/Paper2Paper/tmp/tnbc-chromatin-tf-nc-2026/luad-figure2/data/processed/raw_atac/cell_line/H1648/peaks/H1648_peaks.narrowPeak	9413	9	1	0	9403	4491	TRUE	MATCHABLE	3584	0.5959725619483144	0.11334856671997856	0.6330217633928571	0.09114678038999444	/media/desk16/iy13202/projects/Paper2Paper/tmp/tnbc-chromatin-tf-nc-2026/luad-figure2/data/processed/motif_equivalence/harmonized_200bp/targets/cell_line.H1648.bed	0385cea1e94053912db4bdf92db23f1393c47adc5d8f4bb974e071ef0a55da7f
cell_line	H1650	H1650	/media/desk16/iy13202/projects/Paper2Paper/tmp/tnbc-chromatin-tf-nc-2026/luad-figure2/data/processed/raw_atac/cell_line/H1650/peaks/H1650_peaks.narrowPeak	4494	2	0	1	4491	4491	TRUE	MATCHABLE	3584	0.596958361166778	0.11061310807458527	0.6327971540178572	0.09124554100371755	/media/desk16/iy13202/projects/Paper2Paper/tmp/tnbc-chromatin-tf-nc-2026/luad-figure2/data/processed/motif_equivalence/harmonized_200bp/targets/cell_line.H1650.bed	7c9d7d6cd8cac35dc4bc81a60df638a657101ecd6bc20371b4767d42504e46e8
cell_line	H1819	H1819	/media/desk16/iy13202/projects/Paper2Paper/tmp/tnbc-chromatin-tf-nc-2026/luad-figure2/data/processed/raw_atac/cell_line/H1819/peaks/H1819_peaks.narrowPeak	6754	12	0	0	6742	4491	TRUE	MATCHABLE	3584	0.6246788786710175	0.10964542633108432	0.6336969866071429	0.09122509892543376	/media/desk16/iy13202/projects/Paper2Paper/tmp/tnbc-chromatin-tf-nc-2026/luad-figure2/data/processed/motif_equivalence/harmonized_200bp/targets/cell_line.H1819.bed	7c1ad83e9ee49e320924a33e5f8fd690422b1b291e4e1aace56fcb9dccdb5de1
cell_line	H1975	H1975	/media/desk16/iy13202/projects/Paper2Paper/tmp/tnbc-chromatin-tf-nc-2026/luad-figure2/data/processed/raw_atac/cell_line/H1975/peaks/H1975_peaks.narrowPeak	34781	45	0	0	34736	4491	TRUE	MATCHABLE	3584	0.568005815292492	0.10669282605904294	0.63263671875	0.09129919021478917	/media/desk16/iy13202/projects/Paper2Paper/tmp/tnbc-chromatin-tf-nc-2026/luad-figure2/data/processed/motif_equivalence/harmonized_200bp/targets/cell_line.H1975.bed	3f9928af6451764ab3687fe03e09d43f33b5f571d61b1e33829db142d59887c0
cell_line	H2228	H2228	/media/desk16/iy13202/projects/Paper2Paper/tmp/tnbc-chromatin-tf-nc-2026/luad-figure2/data/processed/raw_atac/cell_line/H2228/peaks/H2228_peaks.narrowPeak	13551	12	0	0	13539	4491	TRUE	MATCHABLE	3584	0.5642026737572937	0.10294678391206835	0.6323367745535714	0.09073946667691397	/media/desk16/iy13202/projects/Paper2Paper/tmp/tnbc-chromatin-tf-nc-2026/luad-figure2/data/processed/motif_equivalence/harmonized_200bp/targets/cell_line.H2228.bed	f8b2d70d7453fccee5c785a0daf6807f898445f458596664ffa112df12f57273
cell_line	H2347	H2347	/media/desk16/iy13202/projects/Paper2Paper/tmp/tnbc-chromatin-tf-nc-2026/luad-figure2/data/processed/raw_atac/cell_line/H2347/peaks/H2347_peaks.narrowPeak	42017	42	2	0	41973	4491	TRUE	MATCHABLE	3584	0.5536032687680176	0.11058201092857695	0.6328529575892857	0.0918090043409851	/media/desk16/iy13202/projects/Paper2Paper/tmp/tnbc-chromatin-tf-nc-2026/luad-figure2/data/processed/motif_equivalence/harmonized_200bp/targets/cell_line.H2347.bed	1187d34a53a49c1ec64cc4b43cbdc9898c73b55d22d137f9beca998cfb44a239
cell_line	H322	H322	/media/desk16/iy13202/projects/Paper2Paper/tmp/tnbc-chromatin-tf-nc-2026/luad-figure2/data/processed/raw_atac/cell_line/H322/peaks/H322_peaks.narrowPeak	23057	31	0	0	23026	4491	TRUE	MATCHABLE	3584	0.5354683835664032	0.11366997061774746	0.63234375	0.09114775720758692	/media/desk16/iy13202/projects/Paper2Paper/tmp/tnbc-chromatin-tf-nc-2026/luad-figure2/data/processed/motif_equivalence/harmonized_200bp/targets/cell_line.H322.bed	7a97375ff89a97ecaa81b84a45eed4d97e2ece8be5574ab79600eaeb33d94f7b
cell_line	II-18	II-18	/media/desk16/iy13202/projects/Paper2Paper/tmp/tnbc-chromatin-tf-nc-2026/luad-figure2/data/processed/raw_atac/cell_line/II-18/peaks/II-18_peaks.narrowPeak	15608	3	1	0	15604	4491	TRUE	MATCHABLE	3584	0.5917915278133812	0.11445017600014222	0.6328515625	0.09154521568829109	/media/desk16/iy13202/projects/Paper2Paper/tmp/tnbc-chromatin-tf-nc-2026/luad-figure2/data/processed/motif_equivalence/harmonized_200bp/targets/cell_line.II-18.bed	99c251a66da432ad3ebe5b787e37edf69f62fd46597370cdce4f084c84f494c9
cell_line	LC2/ad	LC2_ad	/media/desk16/iy13202/projects/Paper2Paper/tmp/tnbc-chromatin-tf-nc-2026/luad-figure2/data/processed/raw_atac/cell_line/LC2_ad/peaks/LC2_ad_peaks.narrowPeak	18137	14	2	0	18121	4491	TRUE	MATCHABLE	3584	0.5526231996026709	0.11253160405847924	0.6322865513392857	0.09133013346620573	/media/desk16/iy13202/projects/Paper2Paper/tmp/tnbc-chromatin-tf-nc-2026/luad-figure2/data/processed/motif_equivalence/harmonized_200bp/targets/cell_line.LC2_ad.bed	3704da51d7294c45a068b3b3813967bb659dd28fa287ede20f1daf16398b889e
cell_line	PC-14	PC-14	/media/desk16/iy13202/projects/Paper2Paper/tmp/tnbc-chromatin-tf-nc-2026/luad-figure2/data/processed/raw_atac/cell_line/PC-14/peaks/PC-14_peaks.narrowPeak	8270	8	0	1	8261	4491	TRUE	MATCHABLE	3584	0.619558164871081	0.10207977523020631	0.6332728794642857	0.09101280804789103	/media/desk16/iy13202/projects/Paper2Paper/tmp/tnbc-chromatin-tf-nc-2026/luad-figure2/data/processed/motif_equivalence/harmonized_200bp/targets/cell_line.PC-14.bed	5d0b0a967a4806f31f25493a2761483abfe1a6ed31e1aa574755a9bba16c9ac4
cell_line	PC-9	PC-9	/media/desk16/iy13202/projects/Paper2Paper/tmp/tnbc-chromatin-tf-nc-2026/luad-figure2/data/processed/raw_atac/cell_line/PC-9/peaks/PC-9_peaks.narrowPeak	31736	52	1	0	31683	4491	TRUE	MATCHABLE	3584	0.5572720386327052	0.10500967085185539	0.6323311941964286	0.09124074664507455	/media/desk16/iy13202/projects/Paper2Paper/tmp/tnbc-chromatin-tf-nc-2026/luad-figure2/data/processed/motif_equivalence/harmonized_200bp/targets/cell_line.PC-9.bed	0b19c52c6c338b891a6d45debd6f415d458f49563b0899ddc6ccebe0a39dc066
cell_line	RERF-LC-Ad1	RERF-LC-Ad1	/media/desk16/iy13202/projects/Paper2Paper/tmp/tnbc-chromatin-tf-nc-2026/luad-figure2/data/processed/raw_atac/cell_line/RERF-LC-Ad1/peaks/RERF-LC-Ad1_peaks.narrowPeak	14327	15	1	0	14311	4491	TRUE	MATCHABLE	3584	0.5608245405632031	0.10856673250965485	0.6322712053571429	0.09108390949113884	/media/desk16/iy13202/projects/Paper2Paper/tmp/tnbc-chromatin-tf-nc-2026/luad-figure2/data/processed/motif_equivalence/harmonized_200bp/targets/cell_line.RERF-LC-Ad1.bed	be9401b64eb1635131006ac34bd6eace0a3362a29e503eb0a807f3a10e6f0a52
cell_line	RERF-LC-Ad2	RERF-LC-Ad2	/media/desk16/iy13202/projects/Paper2Paper/tmp/tnbc-chromatin-tf-nc-2026/luad-figure2/data/processed/raw_atac/cell_line/RERF-LC-Ad2/peaks/RERF-LC-Ad2_peaks.narrowPeak	15681	17	1	0	15663	4491	TRUE	MATCHABLE	3584	0.5762816829470727	0.11877136167501129	0.6325892857142857	0.0914362114030311	/media/desk16/iy13202/projects/Paper2Paper/tmp/tnbc-chromatin-tf-nc-2026/luad-figure2/data/processed/motif_equivalence/harmonized_200bp/targets/cell_line.RERF-LC-Ad2.bed	6d2bc4edb9ca905defaa906c8e706f8c3e791fc900026363670351686ee270c4
cell_line	RERF-LC-KJ	RERF-LC-KJ	/media/desk16/iy13202/projects/Paper2Paper/tmp/tnbc-chromatin-tf-nc-2026/luad-figure2/data/processed/raw_atac/cell_line/RERF-LC-KJ/peaks/RERF-LC-KJ_peaks.narrowPeak	7253	4	1	0	7248	4491	TRUE	MATCHABLE	3584	0.598321605960265	0.10875985234639597	0.6331068638392857	0.0914326390038543	/media/desk16/iy13202/projects/Paper2Paper/tmp/tnbc-chromatin-tf-nc-2026/luad-figure2/data/processed/motif_equivalence/harmonized_200bp/targets/cell_line.RERF-LC-KJ.bed	aa7c447a6a3720d451aa3ec8e1f39f058f326b7dfc7b946aaf55e2465e4cff0e
cell_line	RERF-LC-MS	RERF-LC-MS	/media/desk16/iy13202/projects/Paper2Paper/tmp/tnbc-chromatin-tf-nc-2026/luad-figure2/data/processed/raw_atac/cell_line/RERF-LC-MS/peaks/RERF-LC-MS_peaks.narrowPeak	14675	17	1	2	14655	4491	TRUE	MATCHABLE	3584	0.6289754350051177	0.10514575062528625	0.6336690848214286	0.09141985404656142	/media/desk16/iy13202/projects/Paper2Paper/tmp/tnbc-chromatin-tf-nc-2026/luad-figure2/data/processed/motif_equivalence/harmonized_200bp/targets/cell_line.RERF-LC-MS.bed	3719d48cf957fcb66c8ab4e0493cbfd161f2602686d3a4aac2383dd9fb44ead4
cell_line	VMRC-LCD	VMRC-LCD	/media/desk16/iy13202/projects/Paper2Paper/tmp/tnbc-chromatin-tf-nc-2026/luad-figure2/data/processed/raw_atac/cell_line/VMRC-LCD/peaks/VMRC-LCD_peaks.narrowPeak	10163	33	1	1	10128	4491	TRUE	MATCHABLE	3584	0.6313097353870458	0.10372590860210781	0.6336648995535714	0.09099315084170631	/media/desk16/iy13202/projects/Paper2Paper/tmp/tnbc-chromatin-tf-nc-2026/luad-figure2/data/processed/motif_equivalence/harmonized_200bp/targets/cell_line.VMRC-LCD.bed	eb54a188899c5564303f81bc149a5e3012f7b07706bac589de0c85d014437b3e
